Src_Task	Src_Domain	Tgt_task	Tgt_Domain	F1_1	F1_2	F1_3_Median	F1_4	F1_5
GUM	academic	GUM	biography	67.0812972012439	67.41674167416741	67.79059449866904	68.02120141342756	69.1123188405797
GUM	academic	GUM	fiction	66.85796269727403	67.01821668264621	67.6272814601345	68.69938065745592	69.5735505510302
GUM	academic	GUM	interview	54.435831180017225	54.60780111444492	55.04273504273504	55.08620689655173	55.22062035823504
GUM	academic	GUM	news	46.52278177458034	47.037484885126965	47.65342960288809	48.12575574365175	48.30097087378641
GUM	academic	GUM	reddit	57.69046478198371	57.701478302336675	58.28132501200193	58.43344545891398	59.195402298850574
GUM	academic	GUM	voyage	46.09195402298851	46.63573085846867	47.310584152689415	47.711670480549195	48.81159420289855
GUM	academic	GUM	wikihow	45.780885780885775	46.395563770794816	46.71328671328672	47.96633941093968	49.83544898918665
GUM	biography	GUM	academic	51.642129105322766	52.434881087202726	52.54722381224958	53.26576576576577	54.17633410672853
GUM	biography	GUM	fiction	66.63516068052931	67.8485864877815	68.90273119310012	68.92545982575024	69.12398276687411
GUM	biography	GUM	interview	54.41176470588236	55.41125541125541	55.78583765112263	55.87719298245614	56.5084893339138
GUM	biography	GUM	news	47.35547355473555	48.27160493827161	48.3262325015216	48.51485148514851	49.042618900555894
GUM	biography	GUM	reddit	57.30604474059972	59.20230658337338	59.33014354066985	59.44919278252612	60.75345731998092
GUM	biography	GUM	voyage	46.17169373549884	47.174163783160324	47.24501758499414	47.356321839080465	48.027842227378194
GUM	biography	GUM	wikihow	47.735849056603776	48.16211121583412	48.45122515025427	49.07275320970043	50.594388968140755
GUM	fiction	GUM	academic	50.519409513395296	50.66079295154184	52.555555555555564	54.24688561721405	54.83323911814584
GUM	fiction	GUM	biography	66.52078774617067	67.77081468218444	67.78761061946902	67.82531194295899	69.37669376693766
GUM	fiction	GUM	interview	53.39092872570195	53.42584562012143	53.782247485789235	54.7112462006079	54.71779405428694
GUM	fiction	GUM	news	45.91156874621441	46.666666666666664	47.428917120387176	48.18840579710145	48.517846339987905
GUM	fiction	GUM	reddit	59.262805169937785	59.81490501704821	59.826589595375715	60.19323671497584	61.478975350410835
GUM	fiction	GUM	voyage	48.648648648648646	49.340218014916815	49.34172867773326	49.4212962962963	50.02901915264074
GUM	fiction	GUM	wikihow	43.64308830328248	45.91549295774648	46.406763738844525	47.7473293079424	48.30224772835964
GUM	interview	GUM	academic	51.1344770337576	51.93494111048794	52.584269662921336	54.5144804088586	54.52475811041548
GUM	interview	GUM	biography	67.14095153401512	67.48299319727892	67.55912539045069	68.51768920734438	69.00318616294948
GUM	interview	GUM	fiction	68.00766283524904	68.33734939759036	68.82239382239382	69.01544401544402	69.07166907166908
GUM	interview	GUM	news	48.59028194361128	48.74251497005988	48.972188633615474	49.42459115687462	49.57678355501814
GUM	interview	GUM	reddit	58.627264061010486	58.963385639562524	59.06040268456376	59.245102723363594	60.105616898703786
GUM	interview	GUM	voyage	46.24277456647399	46.36839047065659	47.54098360655738	47.866205305651675	47.953216374269005
GUM	interview	GUM	wikihow	45.651173492866995	47.645687645687644	47.673860911270985	48.01864801864802	48.553816974869605
GUM	news	GUM	academic	51.1705685618729	51.3405590416429	51.551043429216016	51.86020293122886	53.15879339783722
GUM	news	GUM	biography	67.6496872207328	67.69366197183099	68.24264049955396	68.37376460017968	68.65804725813642
GUM	news	GUM	fiction	68.19923371647509	68.29971181556196	68.52474771744353	68.65384615384616	69.25315227934044
GUM	news	GUM	interview	53.87613685578172	53.96275443915114	54.44980271810611	54.65569510610653	55.03472222222222
GUM	news	GUM	reddit	56.75165250236071	56.95238095238094	58.471760797342185	59.63391136801541	60.772946859903385
GUM	news	GUM	voyage	48.80817253121453	49.223691776883264	49.560632688927946	49.627507163323784	50.63001145475372
GUM	news	GUM	wikihow	47.95539033457249	49.03529411764706	49.445471349353056	49.760765550239235	50.56603773584906
GUM	reddit	GUM	academic	50.68268705625341	53.93767705382436	54.10958904109589	54.309859154929576	54.586894586894594
GUM	reddit	GUM	biography	65.92822330527248	66.60714285714285	66.63728514764215	67.31793960923623	67.8990081154193
GUM	reddit	GUM	fiction	66.92197223551939	67.01923076923076	67.08133971291866	67.20302886890678	68.36783822821377
GUM	reddit	GUM	interview	53.33915320820603	53.40859748154582	53.48737697903295	53.7313432835821	54.56907752273711
GUM	reddit	GUM	news	45.61810795124783	46.87868080094228	47.30290456431535	47.70969660916121	47.83895796329189
GUM	reddit	GUM	voyage	46.837606837606835	47.18714121699196	47.47126436781609	47.521367521367516	48.54819976771196
GUM	reddit	GUM	wikihow	45.785440613026815	46.752015173067804	47.57373929590866	47.65068818224964	47.712418300653596
GUM	voyage	GUM	academic	52.607449856733524	55.89569160997733	56.819468024900964	56.90045248868778	57.50286368843069
GUM	voyage	GUM	biography	65.84070796460176	66.6076957098629	66.84611933602513	66.93086745926905	66.9915817456801
GUM	voyage	GUM	fiction	67.50605326876513	67.6923076923077	67.88461538461539	67.99610894941634	68.29268292682927
GUM	voyage	GUM	interview	53.509145044661835	53.51027397260273	54.121709106603355	54.513888888888886	54.96378355347251
GUM	voyage	GUM	news	47.01627486437613	47.13682941531043	48.02431610942249	48.61278648974668	49.08647990255786
GUM	voyage	GUM	reddit	56.627078384798104	56.70350792888035	57.91984732824428	58.55550169655841	58.711217183770884
GUM	voyage	GUM	wikihow	45.2513966480447	46.7906976744186	46.85446009389672	47.42750233863424	50.33112582781456
GUM	wikihow	GUM	academic	46.210916799152095	49.1150442477876	49.11699779249447	49.972542559033506	50.13774104683194
GUM	wikihow	GUM	biography	65.15353805073431	66.43326039387308	66.63708961845607	66.84397163120568	67.4097191261703
GUM	wikihow	GUM	fiction	66.69861044561571	66.73058485139022	66.82577565632458	66.92087702573879	66.95319961795607
GUM	wikihow	GUM	interview	52.91324989210185	54.39655172413793	54.44396736796908	54.83592400690848	55.19339417644502
GUM	wikihow	GUM	news	46.38196915776987	48.04270462633451	48.473967684021545	48.71641791044776	48.982035928143716
GUM	wikihow	GUM	reddit	56.44171779141104	56.78894711767509	57.210851975249874	57.79036827195468	58.31325301204819
GUM	wikihow	GUM	voyage	47.49430523917996	47.646383467278994	48.27981651376147	49.401026811180834	49.828571428571436
NER	clinical	NER	financial	79.44996180290296	80.46332046332047	81.0641627543036	81.34796238244515	81.77496038034865
NER	clinical	NER	gum	59.19328158798829	59.83070411696807	60.08556286316327	60.19045184380391	60.410407210893055
NER	clinical	NER	literature	69.56110256713592	69.79881381555995	70.30862007804186	70.61487130600572	70.68641278796427
NER	clinical	NER	materials	75.61290322580645	76.32944228274968	76.57252888318357	76.67329357190192	76.81393099000323
NER	clinical	NER	news	89.89099859353024	90.13566739606127	90.55876685934489	90.78462348604529	90.83693447393951
NER	clinical	NER	privacy	93.62369337979092	93.92057382785165	94.14123801220576	94.35230446927375	94.7612384117544
NER	clinical	NER	social	41.269841269841265	42.081701175153896	42.80742459396752	43.178082191780824	45.97445863409217
NER	clinical	NER	twitter	43.06400231682595	44.893802734943264	45.1209341117598	45.15469935785172	45.72581807697852
NER	clinical	NER	wetlab	79.08574843143113	79.71463833117606	79.75663383633021	79.77049675373699	79.8039923039923
NER	financial	NER	clinical	82.84212502346536	83.32007509466384	83.705919395466	84.42423567942257	84.65696465696466
NER	financial	NER	gum	57.7419767293185	58.656297807241195	58.88831967213115	59.92914653784218	60.07071599949489
NER	financial	NER	literature	69.02675822874734	70.30890369473046	70.40300787216542	71.26932758000719	71.33405509443041
NER	financial	NER	materials	77.14101738570508	77.78505897771953	78.41239109390126	78.99159663865547	79.01394745377878
NER	financial	NER	news	90.63683607856954	90.81461911052399	90.88022578938084	91.0210183800897	91.02417582417583
NER	financial	NER	privacy	93.63107822410147	94.1864041833282	94.34638238378189	94.50875890087808	94.53969928778685
NER	financial	NER	social	43.21785085143864	44.829453167298325	44.880174291939	45.73340769659788	46.12920448478377
NER	financial	NER	twitter	45.31830056372886	45.9498003422704	46.281957633308984	47.06212312438648	47.4876561138542
NER	financial	NER	wetlab	79.57641739544292	79.59558270393885	79.72162227021839	79.75908668684264	79.85365561086788
NER	gum	NER	clinical	83.21658372690102	83.40949984872852	83.83357482922791	83.91039336433329	84.56892166836217
NER	gum	NER	financial	80.98159509202455	81.59126365054603	81.85328185328187	81.96721311475409	82.73667462211614
NER	gum	NER	literature	71.13365577444851	71.40670982931137	71.58221797323138	71.69722057953874	72.09853150165799
NER	gum	NER	materials	75.48387096774195	76.928	76.9280205655527	77.61485826001956	78.52480417754569
NER	gum	NER	news	90.38023479936919	90.51724137931035	90.64887171832471	90.88988645365725	91.18036549836674
NER	gum	NER	privacy	93.7740468695348	94.01293795858116	94.21771705597179	94.62365591397848	94.64754241735176
NER	gum	NER	social	45.105462412114655	45.3318335208099	45.50709406200736	45.757250268528466	47.391304347826086
NER	gum	NER	twitter	44.827103457930846	45.47975596228508	45.6530928561364	45.688436528131184	46.2419470293486
NER	gum	NER	wetlab	79.21871723435487	79.36373788898615	79.43728160019279	79.45164386849052	79.49033128466498
NER	literature	NER	clinical	83.66193212960208	83.7583470814675	84.09770924691689	84.35533718995167	84.73613205301169
NER	literature	NER	financial	78.34441980783443	78.60922146636432	79.87711213517666	80.0601956358164	81.59749412685981
NER	literature	NER	gum	59.71708933350326	59.784946236559136	59.80842911877395	59.861261375930766	60.406865861411305
NER	literature	NER	materials	77.07535121328225	77.50163505559189	77.52880921895007	77.88242936018187	77.9890428617467
NER	literature	NER	news	90.21567596002103	90.58327477160928	90.79894644424934	90.85649162794776	90.87879319417645
NER	literature	NER	privacy	93.53671823926781	93.89269655563803	94.08740359897173	94.34393114350958	94.42154197000264
NER	literature	NER	social	42.52998909487458	42.922374429223744	43.70149253731343	43.83098591549296	44.907146876758574
NER	literature	NER	twitter	47.64963503649635	47.71939953810624	47.94962371371525	48.30875975715525	49.29252093560497
NER	literature	NER	wetlab	79.2979297929793	79.67625362124062	79.78254303835699	79.87786625157159	79.88606751105993
NER	materials	NER	clinical	83.41947938722133	83.49832902452864	83.80253860866542	83.94822520447866	84.20151277294134
NER	materials	NER	financial	80.3112840466926	80.55342044581093	81.71206225680933	81.94662480376766	83.38709677419354
NER	materials	NER	gum	59.60591133004927	60.007708119218904	60.332632383865416	60.44273339749759	61.12850661384114
NER	materials	NER	literature	69.21252371916509	70.15384615384616	70.2771362586605	70.47909816815405	71.102118543204
NER	materials	NER	news	90.11506276150627	90.80227970188514	90.80682017929337	90.95229713078685	91.00361265309719
NER	materials	NER	privacy	94.00752340127723	94.31044330213962	94.4052573932092	94.56882980584223	94.5752034298714
NER	materials	NER	social	42.27353463587922	42.51601630751311	43.9631835408771	44.578920827029755	46.300448430493276
NER	materials	NER	twitter	43.48638547784303	44.28302394404089	44.81339187705817	45.42382427485215	46.38962569997053
NER	materials	NER	wetlab	79.52632844433758	79.56019002659177	79.66958968066321	79.67103880901642	79.76569540402522
NER	news	NER	clinical	83.35618057196879	83.70479494368675	83.79748439628678	84.02465380613144	84.16492809479065
NER	news	NER	financial	81.18361153262519	81.67701863354037	82.49027237354086	82.74231678486997	82.95719844357977
NER	news	NER	gum	59.303507880020334	59.866134637662505	59.993571198971374	60.01155549849136	60.0496910237625
NER	news	NER	literature	69.92740687849577	70.03627003627003	70.40057567762054	70.5785705903063	71.52161042036708
NER	news	NER	materials	76.40449438202246	77.28015691402419	77.35124760076776	77.98579728857328	78.38541666666666
NER	news	NER	privacy	93.73282510415744	93.89901823281907	93.98653963814353	94.34028540065862	94.3447312109699
NER	news	NER	social	43.596730245231605	44.4087747458534	44.823906083244395	45.599999999999994	47.816349384098544
NER	news	NER	twitter	47.855917667238415	47.89625360230547	48.41292536459822	48.62733644859813	49.262494629815265
NER	news	NER	wetlab	79.42259890389627	79.45001193032688	79.46524703911952	79.55554231582711	79.84040319193618
NER	privacy	NER	clinical	83.08582025049894	83.3673162944347	83.37064735864334	83.5245178368839	83.57979888411057
NER	privacy	NER	financial	79.375	80.6774441878368	80.6774441878368	81.30841121495327	83.06010928961749
NER	privacy	NER	gum	56.91815856777494	58.66598648131615	59.4177973119307	59.746060103362474	60.124430761336676
NER	privacy	NER	literature	65.62961280799364	68.2138321210022	68.51274950963425	69.31858302930448	69.47121034077557
NER	privacy	NER	materials	73.74686716791979	73.88493859082095	74.45346658338539	74.54370797310278	74.65437788018433
NER	privacy	NER	news	89.984213295913	90.20365168539327	90.30223390275951	90.5813033154516	90.72964399013043
NER	privacy	NER	social	39.55342902711324	39.68446601941748	40.7977207977208	41.00642398286938	41.239207719654644
NER	privacy	NER	twitter	42.25312145289444	43.63482908988606	44.6914635884281	45.1215851095767	45.30402512132458
NER	privacy	NER	wetlab	78.76438666587154	79.25919266384969	79.48039451527545	79.59589867310012	79.63678049957765
NER	social	NER	clinical	83.37326305701964	84.02102413999307	84.1064542237316	84.21586657365718	84.22046840731906
NER	social	NER	financial	76.46198830409357	77.14915503306393	78.5607196401799	79.51256664127952	79.93850883935434
NER	social	NER	gum	58.35604284175169	58.720152817574025	59.60332693538067	60.83951881238803	60.85965689687916
NER	social	NER	literature	68.76462330369677	69.44378698224853	69.84428860097469	69.85861946061542	69.94535519125684
NER	social	NER	materials	77.31466751511296	77.55102040816327	77.69130998702984	77.97599740512487	79.01153212520593
NER	social	NER	news	90.58730298494321	90.79453972698636	90.90749671196843	90.9329829172142	91.21882683526519
NER	social	NER	privacy	93.5336778564294	94.0128171363357	94.13922613328675	94.16890375390572	94.45274725274726
NER	social	NER	twitter	47.81213535589265	48.60327109567231	48.77699899871263	48.99229401304089	49.31029475824017
NER	social	NER	wetlab	79.67872924877584	79.70861804280426	79.86142491339058	79.86866905818691	80.10488562042256
NER	twitter	NER	clinical	83.33412944829233	84.0200814625367	84.1904281002951	84.55371459112774	84.73916551953292
NER	twitter	NER	financial	77.5	78.46961740435108	79.30513595166163	79.3103448275862	81.44726712856044
NER	twitter	NER	gum	59.276799999999994	59.43175346453204	59.92232762462596	59.930981595092014	60.15550919780011
NER	twitter	NER	literature	67.4643350207087	69.02262654536972	70.1668416754171	70.3162434115956	70.43580683156655
NER	twitter	NER	materials	76.00633914421553	77.69204964776921	78.16924596641422	78.36065573770492	78.54569276121848
NER	twitter	NER	news	90.10854341736693	90.23468401160237	90.61431951625623	90.93314517551596	91.16065920507624
NER	twitter	NER	privacy	94.00844624318142	94.0413031086947	94.27535915462208	94.44977746749281	94.50085718053539
NER	twitter	NER	social	45.42447629547961	47.21906923950057	47.42951907131012	47.97979797979798	49.03293256664924
NER	twitter	NER	wetlab	79.27879600655639	79.33805299160618	79.4198519413809	79.93905535804979	79.94579129649149
NER	wetlab	NER	clinical	82.90994518402506	83.62525712148602	83.94630956871622	83.97725844955396	84.44408688656476
NER	wetlab	NER	financial	79.72027972027972	79.93730407523512	79.93754879000781	81.41176470588235	82.09191759112521
NER	wetlab	NER	gum	59.64711855800966	59.73201244681526	59.74955277280859	60.09359979762207	60.156545890670365
NER	wetlab	NER	literature	68.96067415730337	69.2664809656453	69.28319623971798	70.06309885487264	70.60218112849691
NER	wetlab	NER	materials	76.46310432569975	76.46487536419554	77.45888423089326	77.54710954966464	77.90927021696253
NER	wetlab	NER	news	89.40910277608563	90.61210151927637	90.78089194429755	90.93476917644982	91.03423932227321
NER	wetlab	NER	privacy	93.03209641885178	93.77838529035671	94.12281086775226	94.19729206963248	94.60098004900244
NER	wetlab	NER	social	41.11755403268319	42.37578526556254	42.46939861628526	44.93905670376259	45.36423841059602
NER	wetlab	NER	twitter	45.582442318514346	45.82743988684583	46.06006541778175	46.37241379310345	46.45739910313901
POS	academic	POS	biography	96.21913580246914	96.4699074074074	96.4699074074074	96.54706790123457	96.6820987654321
POS	academic	POS	fiction	96.72495142936441	96.75270607826812	96.75270607826812	96.75270607826812	96.89147932278657
POS	academic	POS	general	96.47887323943662	96.88967136150235	96.91901408450704	96.97769953051643	97.03638497652582
POS	academic	POS	gum	96.51354923992069	96.51630315047368	96.54108834545055	96.63196739369904	96.63747521480502
POS	academic	POS	interview	95.72150914041228	95.76040451186309	95.81874756903929	95.85764294049008	95.87709062621548
POS	academic	POS	literature	97.43967227805159	97.45247391666133	97.46527555527106	97.52288292901491	97.59969276067336
POS	academic	POS	news	96.46940822467403	96.48946840521565	96.50952858575728	96.50952858575728	96.56970912738214
POS	academic	POS	online	96.95287539936103	96.98482428115015	96.99281150159744	97.00079872204472	97.10862619808307
POS	academic	POS	reddit	94.95281083299139	95.0348789495281	95.17849815346739	95.19901518260156	95.19901518260156
POS	academic	POS	voyage	94.89012443738417	95.02250463330685	95.07545671167593	95.26078898596771	95.31374106433678
POS	academic	POS	wikihow	95.51112017955519	95.51112017955519	95.57233217710672	95.65394817384207	96.04162415833504
POS	biography	POS	academic	95.47581903276131	95.70982839313572	95.70982839313572	95.70982839313572	95.76183047321894
POS	biography	POS	fiction	97.0857618651124	97.14127116291978	97.14127116291978	97.19678046072717	97.19678046072717
POS	biography	POS	general	96.68427230046949	96.94835680751174	97.00704225352112	97.00704225352112	97.21244131455398
POS	biography	POS	gum	96.51079532936771	96.5658735404274	96.59341264595726	96.59892046706324	96.68153778365279
POS	biography	POS	interview	95.81874756903929	95.81874756903929	95.85764294049008	95.95488136911707	95.99377674056787
POS	biography	POS	literature	97.42687063944186	97.45247391666133	97.49727965179544	97.52288292901491	97.68290341163669
POS	biography	POS	news	96.81043129388165	96.97091273821464	97.07121364092276	97.11133400200602	97.11133400200602
POS	biography	POS	online	96.8370607028754	96.93690095846645	96.95287539936103	96.9888178913738	97.05670926517573
POS	biography	POS	reddit	95.05539597866229	95.07591300779647	95.17849815346739	95.19901518260156	95.2605662700041
POS	biography	POS	voyage	95.128408790045	95.15488482922954	95.23431294678316	95.28726502515224	95.472597299444
POS	biography	POS	wikihow	95.04182819832687	95.34788818608448	95.42950418281984	95.6131401754744	95.63354417465824
POS	fiction	POS	academic	95.94383775351014	95.96983879355174	96.04784191367655	96.09984399375975	96.12584503380135
POS	fiction	POS	biography	96.6628086419753	96.6820987654321	96.81712962962963	96.8942901234568	97.10648148148148
POS	fiction	POS	general	96.71361502347418	96.88967136150235	97.00704225352112	97.00704225352112	97.21244131455398
POS	fiction	POS	gum	96.54384225600351	96.59892046706324	96.62095175148711	96.62921348314607	96.65950649922891
POS	fiction	POS	interview	96.01322442629328	96.05211979774407	96.14935822637106	96.22714896927266	96.47996888370284
POS	fiction	POS	literature	97.44607309735646	97.47807719388082	97.5036804711003	97.51648210971004	97.51648210971004
POS	fiction	POS	news	96.9307923771314	97.01103309929789	97.03109327983952	97.05115346038114	97.11133400200602
POS	fiction	POS	online	96.92092651757189	97.09265175718849	97.12859424920129	97.12859424920129	97.18450479233228
POS	fiction	POS	reddit	95.19901518260156	95.28108329913827	95.34263438654082	95.34263438654082	95.42470250307755
POS	fiction	POS	voyage	94.96955255493779	95.15488482922954	95.20783690759862	95.28726502515224	95.49907333862853
POS	fiction	POS	wikihow	95.08263619669455	95.18465619261374	95.44990818200367	95.49071618037135	95.55192817792287
POS	general	POS	academic	95.1898075923037	95.3458138325533	95.37181487259491	95.42381695267811	95.44981799271972
POS	general	POS	biography	96.2770061728395	96.4699074074074	96.4891975308642	96.50848765432097	96.52777777777779
POS	general	POS	fiction	96.36414099361643	96.4474049403275	96.4474049403275	96.4474049403275	96.4474049403275
POS	general	POS	gum	96.50528750826173	96.54659616655651	96.59892046706324	96.62921348314607	96.63747521480502
POS	general	POS	interview	95.6048230260599	95.6437183975107	95.81874756903929	95.83819525476468	95.99377674056787
POS	general	POS	literature	97.38206490430775	97.42046982013697	97.42687063944186	97.47167637457595	97.53568456762466
POS	general	POS	news	96.54964894684052	96.64994984954865	96.71013039117352	96.71013039117352	96.87061183550651
POS	general	POS	online	96.8849840255591	96.92092651757189	96.96086261980831	97.09664536741214	97.10463258785943
POS	general	POS	reddit	95.0348789495281	95.07591300779647	95.17849815346739	95.19901518260156	95.28108329913827
POS	general	POS	voyage	94.44003177124702	94.7047921630924	94.73126820227694	94.73126820227694	95.15488482922954
POS	general	POS	wikihow	95.2050601917976	95.32748418690063	95.34788818608448	95.36829218526832	95.49071618037135
POS	gum	POS	academic	96.56786271450858	96.67186687467499	96.67186687467499	96.6978679147166	96.72386895475819
POS	gum	POS	biography	97.04861111111111	97.2608024691358	97.2800925925926	97.33796296296296	97.45370370370371
POS	gum	POS	fiction	97.16902581182349	97.28004440743825	97.28004440743825	97.30779905634193	97.33555370524563
POS	gum	POS	general	96.83098591549296	96.91901408450704	97.00704225352112	97.1830985915493	97.1830985915493
POS	gum	POS	interview	96.55775962660444	96.61610268378062	96.65499805523142	96.69389342668222	96.75223648385843
POS	gum	POS	literature	97.43327145874672	97.53568456762466	97.55488702553927	97.56768866414902	97.61889521858798
POS	gum	POS	news	97.35205616850551	97.37211634904715	97.39217652958877	97.45235707121364	97.67301905717152
POS	gum	POS	online	96.93290734824281	97.064696485623	97.09265175718849	97.11661341853035	97.1685303514377
POS	gum	POS	reddit	95.4862535904801	95.67090685268774	95.69142388182192	95.77349199835864	95.77349199835864
POS	gum	POS	voyage	95.55202541699762	96.13449827905745	96.2404024357956	96.2404024357956	96.29335451416469
POS	gum	POS	wikihow	95.6131401754744	95.69475617220975	95.87839216486431	95.91920016323199	95.93960416241583
POS	interview	POS	academic	95.55382215288611	96.04784191367655	96.12584503380135	96.12584503380135	96.35985439417577
POS	interview	POS	biography	96.73996913580247	96.83641975308642	96.8942901234568	97.10648148148148	97.10648148148148
POS	interview	POS	fiction	96.83597002497918	96.89147932278657	96.97474326949764	97.05800721620872	97.22453510963086
POS	interview	POS	general	96.88967136150235	96.91901408450704	97.00704225352112	97.06572769953051	97.1244131455399
POS	interview	POS	gum	96.50253359770875	96.61269001982814	96.62095175148711	96.65124476756995	96.65124476756995
POS	interview	POS	literature	97.49087883249055	97.52288292901491	97.52928374831978	97.53568456762466	97.54208538692953
POS	interview	POS	news	96.67001003009027	96.7703109327984	96.87061183550651	96.89067201604814	96.9307923771314
POS	interview	POS	online	96.81709265175719	96.98482428115015	97.07667731629392	97.10463258785943	97.18849840255591
POS	interview	POS	reddit	95.11694706606484	95.17849815346739	95.17849815346739	95.2605662700041	95.4862535904801
POS	interview	POS	voyage	94.86364839819963	94.89012443738417	94.99602859412232	95.0489806724914	95.128408790045
POS	interview	POS	wikihow	95.55192817792287	95.57233217710672	95.67435217302591	95.75596816976127	95.87839216486431
POS	literature	POS	academic	95.13780551222048	95.16380655226209	95.1898075923037	95.21580863234529	95.3458138325533
POS	literature	POS	biography	96.06481481481481	96.23842592592592	96.23842592592592	96.2770061728395	96.2770061728395
POS	literature	POS	fiction	96.7804607271718	96.8082153760755	96.86372467388288	97.00249791840133	97.0857618651124
POS	literature	POS	general	96.83098591549296	96.88967136150235	96.94835680751174	97.00704225352112	97.00704225352112
POS	literature	POS	gum	96.65124476756995	96.65124476756995	96.67327605199382	96.69530733641771	96.73110817360651
POS	literature	POS	interview	95.44924154025671	95.5853753403345	95.5853753403345	95.6048230260599	95.6242707117853
POS	literature	POS	news	96.28886659979939	96.50952858575728	96.64994984954865	96.67001003009027	96.6900702106319
POS	literature	POS	online	96.92891373801918	96.9408945686901	97.06869009584665	97.11661341853035	97.1405750798722
POS	literature	POS	reddit	95.30160032827246	95.32211735740664	95.34263438654082	95.38366844480919	95.46573656134592
POS	literature	POS	voyage	94.17527137940164	94.25469949695525	94.38707969287795	94.44003177124702	94.59888800635426
POS	literature	POS	wikihow	95.4703121811875	95.53152417873903	95.53152417873903	95.73556417057742	95.75596816976127
POS	news	POS	academic	95.65782631305252	95.68382735309412	95.70982839313572	95.76183047321894	95.89183567342694
POS	news	POS	biography	96.81712962962963	96.91358024691358	96.95216049382715	96.99074074074075	96.99074074074075
POS	news	POS	fiction	96.72495142936441	96.7804607271718	96.89147932278657	96.94698862059396	97.1135165140161
POS	news	POS	general	96.80164319248826	96.86032863849765	96.97769953051643	96.97769953051643	97.1244131455399
POS	news	POS	gum	96.51354923992069	96.54659616655651	96.58239700374533	96.5851509142983	96.59616655651024
POS	news	POS	interview	95.74095682613769	95.83819525476468	95.85764294049008	95.99377674056787	96.01322442629328
POS	news	POS	literature	97.42687063944186	97.49087883249055	97.49087883249055	97.51008129040517	97.55488702553927
POS	news	POS	online	97.04073482428115	97.09265175718849	97.09664536741214	97.1405750798722	97.14856230031948
POS	news	POS	reddit	94.9322938038572	94.95281083299139	94.97332786212557	95.09643003693066	95.1579811243332
POS	news	POS	voyage	95.23431294678316	95.31374106433678	95.52554937781308	95.52554937781308	95.6049774953667
POS	news	POS	wikihow	94.93980820240768	94.9602122015915	95.04182819832687	95.08263619669455	95.12344419506223
POS	online	POS	academic	96.59386375455018	96.61986479459178	96.61986479459178	96.67186687467499	96.6978679147166
POS	online	POS	biography	96.64351851851852	96.6820987654321	96.70138888888889	96.70138888888889	96.75925925925925
POS	online	POS	fiction	96.97474326949764	97.03025256730501	97.05800721620872	97.14127116291978	97.14127116291978
POS	online	POS	general	96.83098591549296	96.97769953051643	97.00704225352112	97.09507042253522	97.1244131455399
POS	online	POS	gum	96.73936990526549	96.83024895351399	96.83300286406698	96.84126459572593	96.85778805904384
POS	online	POS	interview	96.09101516919488	96.12991054064565	96.18825359782186	96.22714896927266	96.34383508362505
POS	online	POS	literature	97.51648210971004	97.52928374831978	97.57408948345389	97.59969276067336	97.61889521858798
POS	online	POS	news	97.05115346038114	97.05115346038114	97.11133400200602	97.11133400200602	97.15145436308926
POS	online	POS	reddit	95.4862535904801	95.52728764874846	95.52728764874846	95.588838736151	95.60935576528519
POS	online	POS	voyage	94.96955255493779	95.10193275086047	95.128408790045	95.128408790045	95.20783690759862
POS	online	POS	wikihow	95.67435217302591	95.67435217302591	95.69475617220975	95.8171801673128	95.89879616404815
POS	reddit	POS	academic	95.2678107124285	95.50182007280291	95.5278211128445	95.55382215288611	95.73582943317732
POS	reddit	POS	biography	96.81712962962963	96.875	96.93287037037037	96.95216049382715	96.97145061728395
POS	reddit	POS	fiction	97.03025256730501	97.1135165140161	97.1135165140161	97.22453510963086	97.30779905634193
POS	reddit	POS	general	96.65492957746478	96.80164319248826	96.83098591549296	96.91901408450704	97.21244131455398
POS	reddit	POS	gum	96.46673276051993	96.49702577660277	96.50804141881471	96.5273187926856	96.57964309319233
POS	reddit	POS	interview	95.97432905484247	95.99377674056787	96.03267211201867	96.07156748346945	96.20770128354725
POS	reddit	POS	literature	97.47807719388082	97.48447801318568	97.49727965179544	97.54208538692953	97.63169685719772
POS	reddit	POS	news	96.58976930792377	96.81043129388165	96.89067201604814	96.91073219658976	97.01103309929789
POS	reddit	POS	online	96.94488817891373	96.97284345047923	96.98083067092652	96.9888178913738	97.1405750798722
POS	reddit	POS	voyage	94.7047921630924	94.81069631983056	94.81069631983056	94.99602859412232	95.20783690759862
POS	reddit	POS	wikihow	95.26627218934911	95.30708018771679	95.42950418281984	95.42950418281984	95.51112017955519
POS	voyage	POS	academic	95.94383775351014	96.09984399375975	96.15184607384295	96.20384815392615	96.28185127405096
POS	voyage	POS	biography	96.6820987654321	96.70138888888889	96.79783950617285	96.79783950617285	96.91358024691358
POS	voyage	POS	fiction	96.72495142936441	96.89147932278657	96.89147932278657	96.97474326949764	96.97474326949764
POS	voyage	POS	general	96.88967136150235	96.91901408450704	96.97769953051643	97.00704225352112	97.21244131455398
POS	voyage	POS	gum	96.53833443489755	96.5658735404274	96.64298303591099	96.66501432033488	96.66501432033488
POS	voyage	POS	interview	95.7020614546869	95.74095682613769	95.79929988331389	95.97432905484247	95.99377674056787
POS	voyage	POS	literature	97.51008129040517	97.52928374831978	97.5484862062344	97.56128784484413	97.63809767650258
POS	voyage	POS	news	96.89067201604814	96.9307923771314	96.95085255767302	97.01103309929789	97.07121364092276
POS	voyage	POS	online	97.03674121405751	97.07268370607028	97.09265175718849	97.10463258785943	97.15654952076677
POS	voyage	POS	reddit	95.0348789495281	95.05539597866229	95.1579811243332	95.2605662700041	95.30160032827246
POS	voyage	POS	wikihow	95.14384819424608	95.2050601917976	95.32748418690063	95.34788818608448	95.63354417465824
POS	wikihow	POS	academic	95.21580863234529	95.5278211128445	95.65782631305252	95.73582943317732	95.76183047321894
POS	wikihow	POS	biography	96.60493827160492	96.62422839506173	96.72067901234568	96.72067901234568	96.93287037037037
POS	wikihow	POS	fiction	96.75270607826812	96.8082153760755	96.8082153760755	96.86372467388288	96.89147932278657
POS	wikihow	POS	general	96.88967136150235	96.91901408450704	96.94835680751174	97.00704225352112	97.03638497652582
POS	wikihow	POS	gum	96.4749944921789	96.55485789821546	96.57688918263935	96.59341264595726	96.65399867812293
POS	wikihow	POS	interview	95.7020614546869	95.76040451186309	95.99377674056787	95.99377674056787	96.01322442629328
POS	wikihow	POS	literature	97.55488702553927	97.58049030275875	97.63169685719772	97.6573001344172	97.68290341163669
POS	wikihow	POS	news	96.97091273821464	97.05115346038114	97.07121364092276	97.15145436308926	97.15145436308926
POS	wikihow	POS	online	96.95686900958466	97.02476038338658	97.05271565495208	97.08865814696486	97.10463258785943
POS	wikihow	POS	reddit	94.97332786212557	95.07591300779647	95.07591300779647	95.09643003693066	95.2605662700041
POS	wikihow	POS	voyage	94.94307651575325	95.10193275086047	95.128408790045	95.36669314270586	95.49907333862853
TIME	ace	TIME	aquaint	76.30769230769229	77.91411042944786	78.76923076923076	79.75460122699386	81.25000000000001
TIME	ace	TIME	broadcast	68.69158878504673	70.74340527577938	70.75471698113206	71.10582639714627	71.41162514827995
TIME	ace	TIME	clinical	73.40453243032039	73.42995169082127	73.75661375661376	73.89110225763612	74.32646592709983
TIME	ace	TIME	discussion	71.11111111111111	71.78082191780823	72.26890756302521	72.98850574712644	73.19884726224784
TIME	ace	TIME	general	77.14285714285715	77.85714285714286	78.41726618705036	78.98550724637681	80.14705882352942
TIME	ace	TIME	historical	86.95652173913044	87.09677419354838	87.56756756756756	87.56756756756756	89.61748633879782
TIME	ace	TIME	newswire	81.16308470290772	81.43405889884762	82.42894056847545	82.62548262548263	83.50785340314137
TIME	ace	TIME	online	71.83811129848229	73.5042735042735	74.45008460236888	74.48275862068967	75.26501766784452
TIME	ace	TIME	pubmed	55.42168674698795	58.77551020408163	61.410788381742734	62.184873949579824	62.761506276150634
TIME	ace	TIME	sms	57.99999999999999	64.07766990291262	65.3061224489796	65.64102564102564	67.3469387755102
TIME	ace	TIME	telephony	59.76331360946745	60.62499999999999	60.91954022988505	61.87845303867403	64.04494382022472
TIME	ace	TIME	usenet	70.21696252465482	70.67961165048543	71.51277013752456	72.36580516898609	72.87128712871286
TIME	ace	TIME	wiki	88.01624915368991	88.52901484480432	88.55788761002032	89.00804289544236	89.64116452268112
TIME	aquaint	TIME	ace	72.15942891136228	72.6457399103139	72.96009529481834	73.55104442483083	73.56184798807749
TIME	aquaint	TIME	broadcast	64.19753086419753	65.47192353643968	66.82080924855491	67.21311475409837	68.14469078179695
TIME	aquaint	TIME	clinical	73.00340403246923	73.60433604336045	74.84596839003483	75.0945434900054	75.89937787395186
TIME	aquaint	TIME	discussion	62.25895316804407	62.71186440677966	63.976945244956774	65.3409090909091	66.48199445983379
TIME	aquaint	TIME	general	74.91638795986621	78.20069204152249	79.28571428571429	82.3943661971831	83.5164835164835
TIME	aquaint	TIME	historical	77.38693467336682	80.20833333333334	80.41237113402062	81.63265306122449	85.71428571428571
TIME	aquaint	TIME	newswire	78.18411097099622	79.3854033290653	80.36890645586298	80.67444876783398	81.00263852242745
TIME	aquaint	TIME	online	64.13223140495867	64.52702702702703	64.67661691542288	66.21392190152801	66.55405405405405
TIME	aquaint	TIME	pubmed	52.459016393442624	54.6938775510204	55.932203389830505	56.79012345679012	62.5
TIME	aquaint	TIME	sms	58.88324873096447	58.88324873096447	61.69154228855721	63.440860215053775	65.60846560846562
TIME	aquaint	TIME	telephony	45.454545454545446	45.53846153846155	49.056603773584904	49.55223880597014	50.14749262536873
TIME	aquaint	TIME	usenet	54.80943738656988	57.4074074074074	58.51851851851851	59.541984732824424	66.00790513833992
TIME	aquaint	TIME	wiki	86.71140939597315	87.29946524064172	88.08567603748325	88.54447439353099	90.34013605442178
TIME	broadcast	TIME	ace	69.84491671453188	70.97735399284862	71.19451891569855	72.38208246811035	72.50720461095102
TIME	broadcast	TIME	aquaint	80.25078369905955	80.37974683544304	80.5111821086262	80.74534161490683	80.8641975308642
TIME	broadcast	TIME	clinical	72.63495456974879	73.9848048205397	74.02630900180553	74.17107829478964	75.15215665519979
TIME	broadcast	TIME	discussion	66.85393258426967	67.80626780626781	68.71508379888267	68.88888888888889	70.2247191011236
TIME	broadcast	TIME	general	79.0035587188612	79.27272727272728	79.56989247311829	80.28673835125448	80.56537102473497
TIME	broadcast	TIME	historical	78.72340425531914	81.72043010752688	81.91489361702128	82.10526315789475	86.17021276595744
TIME	broadcast	TIME	newswire	80.35714285714286	81.12965340179717	81.29032258064515	81.4526588845655	81.81818181818181
TIME	broadcast	TIME	online	68.41243862520457	68.86326194398681	69.0671031096563	69.24315619967794	71.81208053691275
TIME	broadcast	TIME	pubmed	49.37238493723849	49.586776859504134	53.333333333333336	53.94190871369295	55.87044534412955
TIME	broadcast	TIME	sms	60.44444444444444	61.206896551724135	62.672811059907815	65.45454545454545	70.2970297029703
TIME	broadcast	TIME	telephony	45.52845528455285	47.51381215469614	48.275862068965516	48.35164835164834	52.79503105590062
TIME	broadcast	TIME	usenet	60.86956521739131	63.56877323420075	64.9155722326454	66.03773584905662	66.28352490421456
TIME	broadcast	TIME	wiki	86.8	88.06970509383378	88.21548821548822	88.91891891891892	89.29292929292929
TIME	clinical	TIME	ace	69.63260619977038	71.29356172474897	72.59744123772688	72.64150943396227	73.27971403038427
TIME	clinical	TIME	aquaint	75.94936708860762	76.03833865814696	76.19047619047619	76.48902821316614	76.58227848101265
TIME	clinical	TIME	broadcast	64.0552995391705	64.93212669683257	65.04065040650406	65.20231213872832	65.72769953051643
TIME	clinical	TIME	discussion	55.345911949685544	60.766961651917406	61.22448979591836	61.62790697674419	62.31454005934719
TIME	clinical	TIME	general	76.28865979381443	76.71232876712328	78.47222222222221	78.89273356401384	81.97879858657244
TIME	clinical	TIME	historical	75.00000000000001	75.00000000000001	75.13227513227514	75.13227513227514	75.93582887700533
TIME	clinical	TIME	newswire	77.08066581306018	77.74936061381074	79.43078913324709	79.63917525773195	79.79274611398964
TIME	clinical	TIME	online	62.34676007005254	62.5215889464594	63.30434782608696	63.77816291161178	64.67486818980667
TIME	clinical	TIME	pubmed	46.78899082568807	47.747747747747745	49.54954954954954	51.78571428571429	53.95348837209303
TIME	clinical	TIME	sms	52.12765957446809	55.10204081632652	55.92417061611374	56.38297872340425	62.944162436548226
TIME	clinical	TIME	telephony	50.498338870431894	53.94736842105263	54.23728813559322	54.607508532423196	54.78547854785478
TIME	clinical	TIME	usenet	60.86956521739131	62.686567164179095	63.601532567049816	63.74045801526718	64.01515151515152
TIME	clinical	TIME	wiki	87.25289706884799	87.25556304787592	87.41542625169147	87.5252865812542	89.01023890784982
TIME	discussion	TIME	ace	68.66760168302946	70.59838895281932	70.84657613406532	72.135950776443	72.22870478413068
TIME	discussion	TIME	aquaint	79.87421383647798	79.87616099071207	80.12422360248446	80.12618296529969	81.1320754716981
TIME	discussion	TIME	broadcast	65.46275395033861	66.51162790697673	66.66666666666667	67.60233918128654	68.54460093896715
TIME	discussion	TIME	clinical	72.70822420115243	72.75160599571736	73.28120787274199	73.92008639308855	73.96963123644252
TIME	discussion	TIME	general	75.26132404181185	76.92307692307693	77.62237762237761	78.59649122807018	79.28571428571429
TIME	discussion	TIME	historical	86.02150537634408	86.63101604278076	86.63101604278076	86.77248677248677	87.83068783068784
TIME	discussion	TIME	newswire	79.89949748743719	80.46571798188876	80.62418725617687	81.15183246073298	81.20104438642298
TIME	discussion	TIME	online	68.87417218543045	69.24369747899159	69.81450252951096	69.98341625207297	70.05076142131979
TIME	discussion	TIME	pubmed	55.319148936170215	56.30252100840336	56.779661016949156	56.89655172413792	57.028112449799195
TIME	discussion	TIME	sms	65.38461538461539	65.67164179104478	67.0	72.53886010362694	72.72727272727272
TIME	discussion	TIME	telephony	49.122807017543856	52.85285285285285	54.37499999999999	55.232558139534895	56.47058823529413
TIME	discussion	TIME	usenet	61.62361623616236	64.16510318949344	64.84375	65.17690875232776	66.04127579737336
TIME	discussion	TIME	wiki	88.04275217100869	88.25526137135097	88.27493261455525	89.24949290060852	89.45945945945945
TIME	general	TIME	ace	71.40330188679246	71.74348697394788	72.73792093704245	72.97772567409145	73.74269005847954
TIME	general	TIME	aquaint	75.98784194528876	76.78018575851394	77.39938080495357	78.0952380952381	79.48717948717949
TIME	general	TIME	broadcast	64.66512702078523	65.62847608453838	66.43437862950059	68.07511737089203	69.05311778290992
TIME	general	TIME	clinical	70.02107481559537	73.05672268907564	73.21192926893639	75.08108108108108	75.46468401486989
TIME	general	TIME	discussion	61.03542234332425	64.80446927374301	65.74585635359117	65.90257879656161	67.04225352112675
TIME	general	TIME	historical	84.78260869565217	86.02150537634408	86.17021276595744	86.48648648648648	87.56756756756756
TIME	general	TIME	newswire	81.30718954248367	81.92457737321196	82.05128205128204	82.70481144343303	83.6173001310616
TIME	general	TIME	online	66.33165829145729	66.77577741407529	66.8918918918919	67.33668341708542	68.8026981450253
TIME	general	TIME	pubmed	49.78902953586498	50.847457627118644	54.39330543933054	54.61847389558234	56.800000000000004
TIME	general	TIME	sms	65.625	68.06282722513089	70.46632124352332	71.64179104477613	75.51020408163265
TIME	general	TIME	telephony	45.333333333333336	50.0	51.09034267912772	51.29682997118156	51.515151515151516
TIME	general	TIME	usenet	63.47992351816444	63.79647749510763	64.2023346303502	65.77437858508604	66.03415559772296
TIME	general	TIME	wiki	86.05108055009823	88.0	88.7381275440977	88.90392422192151	89.05405405405406
TIME	historical	TIME	ace	71.49478563151797	71.57287157287156	72.54730713245998	72.56478999106346	73.0055931704445
TIME	historical	TIME	aquaint	74.21383647798741	75.90361445783131	76.24999999999999	76.3975155279503	76.82926829268293
TIME	historical	TIME	broadcast	63.07519640852974	66.43518518518518	67.83216783216784	67.90697674418604	68.46424384525204
TIME	historical	TIME	clinical	71.61594963273873	72.79489904357067	74.09836065573772	74.21916357861302	74.86716259298619
TIME	historical	TIME	discussion	60.0	62.8099173553719	63.79310344827586	64.0	65.5367231638418
TIME	historical	TIME	general	76.15658362989323	77.13310580204778	78.47222222222221	79.2982456140351	80.85106382978722
TIME	historical	TIME	newswire	80.46571798188876	81.14434330299089	81.4526588845655	81.4526588845655	81.68642951251647
TIME	historical	TIME	online	64.75548060708263	64.93055555555556	65.7487091222031	65.86206896551725	67.23549488054607
TIME	historical	TIME	pubmed	53.6	54.330708661417326	58.87096774193547	59.055118110236215	59.199999999999996
TIME	historical	TIME	sms	61.458333333333336	61.76470588235294	64.58333333333333	66.66666666666666	68.06282722513089
TIME	historical	TIME	telephony	49.696969696969695	51.540616246498594	51.91740412979351	51.94029850746268	54.268292682926834
TIME	historical	TIME	usenet	61.08949416342413	61.30268199233716	62.4031007751938	63.52941176470589	65.36203522504893
TIME	historical	TIME	wiki	88.35016835016836	88.36583725622059	88.75420875420875	88.76933422999328	88.93414799728447
TIME	newswire	TIME	ace	72.31905465288035	72.39766081871343	72.47893054344668	72.62667443214909	73.77097438916692
TIME	newswire	TIME	aquaint	77.01492537313432	78.125	78.39506172839505	79.375	79.48717948717949
TIME	newswire	TIME	broadcast	65.07936507936508	66.51532349602724	66.7455621301775	68.34285714285714	68.42709529276692
TIME	newswire	TIME	clinical	73.78743705274319	74.60274710476703	75.40279269602578	75.43138866064092	75.82184517497349
TIME	newswire	TIME	discussion	60.204081632653065	61.11111111111111	62.5	64.58923512747874	67.42209631728045
TIME	newswire	TIME	general	75.7142857142857	76.97594501718213	77.58007117437722	77.6978417266187	81.00358422939068
TIME	newswire	TIME	historical	83.93782383419689	84.21052631578948	84.49197860962566	86.63101604278076	86.77248677248677
TIME	newswire	TIME	online	63.8095238095238	64.4122383252818	64.48445171849427	65.04065040650406	70.42735042735042
TIME	newswire	TIME	pubmed	51.63934426229508	54.91803278688525	57.14285714285715	60.33057851239669	66.13545816733067
TIME	newswire	TIME	sms	60.57692307692308	65.34653465346534	65.65656565656566	67.96116504854369	69.38775510204081
TIME	newswire	TIME	telephony	49.72375690607736	51.9774011299435	53.333333333333336	54.700854700854705	54.94505494505495
TIME	newswire	TIME	usenet	45.37205081669692	59.56678700361011	63.32046332046332	64.23076923076924	64.25855513307985
TIME	newswire	TIME	wiki	87.5252865812542	87.6010781671159	88.43813387423936	88.93387314439946	89.58051420838972
TIME	online	TIME	ace	70.98445595854923	71.42857142857143	72.76954373728569	72.8235294117647	73.15220566754309
TIME	online	TIME	aquaint	78.63777089783281	79.375	80.12618296529969	80.37974683544304	80.75709779179809
TIME	online	TIME	broadcast	66.36155606407323	67.29191090269636	67.8281068524971	69.1588785046729	70.81891580161476
TIME	online	TIME	clinical	72.62773722627736	73.30173775671406	73.33510214911117	74.33011789924973	75.20085698982327
TIME	online	TIME	discussion	63.63636363636363	64.67391304347825	65.5367231638418	67.20430107526883	68.14404432132964
TIME	online	TIME	general	78.04878048780488	78.16901408450705	78.70036101083032	79.15194346289752	80.43478260869567
TIME	online	TIME	historical	81.05263157894737	84.375	85.10638297872339	86.95652173913044	88.29787234042553
TIME	online	TIME	newswire	80.45977011494253	81.4526588845655	81.72323759791124	82.93963254593176	83.09305373525558
TIME	online	TIME	pubmed	55.77689243027888	55.96707818930041	57.48031496062992	57.48987854251012	60.24096385542169
TIME	online	TIME	sms	66.66666666666666	69.34673366834173	69.47368421052632	70.76923076923079	71.35678391959799
TIME	online	TIME	telephony	50.887573964497044	50.991501416430594	52.84090909090908	53.179190751445084	54.1033434650456
TIME	online	TIME	usenet	62.003780718336486	62.47619047619048	62.825278810408925	64.47876447876449	67.18446601941747
TIME	online	TIME	wiki	87.35785953177258	88.36265223274695	89.30733019502354	89.7018970189702	89.76271186440678
TIME	pubmed	TIME	ace	72.37926972909304	72.49388753056235	72.78649689073143	72.96416938110748	73.58213341169557
TIME	pubmed	TIME	aquaint	72.94832826747721	74.375	74.8427672955975	75.14792899408283	77.35849056603773
TIME	pubmed	TIME	broadcast	60.775862068965516	63.38672768878718	66.13636363636364	67.0673076923077	69.22183507549362
TIME	pubmed	TIME	clinical	73.49748477627746	73.66746221161495	73.77824487651078	74.20212765957447	74.36784668618579
TIME	pubmed	TIME	discussion	59.24050632911393	62.18487394957983	62.24783861671469	62.330623306233065	64.36781609195403
TIME	pubmed	TIME	general	76.28865979381443	78.29181494661923	78.47222222222221	80.0	81.13879003558719
TIME	pubmed	TIME	historical	76.0	76.14213197969544	76.61691542288557	78.1725888324873	80.20304568527918
TIME	pubmed	TIME	newswire	78.05486284289276	79.64376590330788	79.74025974025973	80.10269576379973	80.51948051948051
TIME	pubmed	TIME	online	61.23778501628664	63.06913996627318	63.349917081260365	64.29780033840949	65.1877133105802
TIME	pubmed	TIME	sms	61.083743842364534	62.31155778894472	63.68159203980098	66.3265306122449	68.53932584269663
TIME	pubmed	TIME	telephony	45.21739130434783	48.5207100591716	48.648648648648646	51.73501577287066	52.662721893491124
TIME	pubmed	TIME	usenet	57.299270072992705	57.450628366247756	58.181818181818166	61.22448979591836	62.64591439688717
TIME	pubmed	TIME	wiki	87.25556304787592	87.87061994609164	87.89297658862877	87.90322580645162	89.29539295392955
TIME	sms	TIME	ace	70.6528018486424	70.88167053364268	71.28378378378379	72.12049616066155	72.27395614298588
TIME	sms	TIME	aquaint	76.97160883280758	77.25856697819314	78.0185758513932	78.2874617737003	78.61635220125785
TIME	sms	TIME	broadcast	62.59711431742508	63.18082788671023	65.4073199527745	65.67844925883693	67.05336426914153
TIME	sms	TIME	clinical	73.25642370214997	73.2915872583719	74.2151864770593	74.6237127013467	74.66234467855215
TIME	sms	TIME	discussion	58.63874345549738	59.693877551020414	61.5819209039548	61.904761904761905	61.91780821917807
TIME	sms	TIME	general	72.48322147651007	74.4186046511628	75.35211267605634	76.19047619047619	78.01418439716313
TIME	sms	TIME	historical	76.04166666666667	77.24867724867724	79.38144329896907	79.58115183246073	82.3529411764706
TIME	sms	TIME	newswire	77.27272727272727	79.43805874840358	80.306905370844	80.35487959442331	81.18556701030928
TIME	sms	TIME	online	63.33333333333333	63.54515050167224	64.41821247892075	65.25285481239804	65.87837837837837
TIME	sms	TIME	pubmed	54.40613026819923	57.4712643678161	58.03921568627452	58.139534883720934	58.36575875486382
TIME	sms	TIME	telephony	49.546827794561935	49.84615384615385	51.91740412979351	54.44444444444445	55.4016620498615
TIME	sms	TIME	usenet	57.835820895522396	59.04761904761904	61.754385964912274	63.46863468634686	65.11627906976744
TIME	sms	TIME	wiki	87.64044943820225	87.71695594125501	88.65153538050734	89.03924221921517	89.7018970189702
TIME	telephony	TIME	ace	72.10682492581603	72.25007372456503	72.28563067017852	72.42582897033158	73.14897413024086
TIME	telephony	TIME	aquaint	72.51461988304092	75.37993920972644	76.875	77.30061349693251	78.15384615384615
TIME	telephony	TIME	broadcast	64.21173762945915	66.03773584905662	67.36842105263158	67.78443113772457	69.12991656734206
TIME	telephony	TIME	clinical	73.34924423229913	74.41239316239316	74.51294368828395	74.72761094871115	75.31064289573204
TIME	telephony	TIME	discussion	60.451977401129945	61.142857142857146	61.27167630057804	63.63636363636363	64.20454545454545
TIME	telephony	TIME	general	69.6245733788396	73.42657342657343	74.82517482517483	78.72340425531915	79.43262411347519
TIME	telephony	TIME	historical	78.75647668393782	80.6282722513089	81.25	82.10526315789475	86.63101604278076
TIME	telephony	TIME	newswire	79.59183673469387	80.87855297157624	81.34715025906736	81.71206225680933	82.18465539661898
TIME	telephony	TIME	online	65.40447504302925	65.45454545454544	66.21621621621622	66.66666666666666	66.7802385008518
TIME	telephony	TIME	pubmed	54.39330543933054	56.06694560669456	60.55776892430279	60.90534979423868	62.5514403292181
TIME	telephony	TIME	sms	60.51282051282051	62.74509803921568	63.41463414634146	64.07766990291262	69.95073891625616
TIME	telephony	TIME	usenet	60.886319845857415	62.246777163904234	62.36162361623616	63.46863468634686	66.16822429906543
TIME	telephony	TIME	wiki	87.44123572867697	87.47488278633624	88.70858688302907	88.91891891891892	89.44519621109607
TIME	usenet	TIME	ace	71.81266261925413	72.52489748096075	72.97692082968156	73.35077012496367	73.86532186294868
TIME	usenet	TIME	aquaint	77.30061349693251	78.07807807807808	78.15384615384615	78.86435331230284	80.24691358024691
TIME	usenet	TIME	broadcast	63.582443653618036	67.97687861271676	67.99065420560748	68.14469078179695	69.16764361078546
TIME	usenet	TIME	clinical	73.43503419253025	74.0053050397878	74.2598026140304	75.4071661237785	76.00644122383252
TIME	usenet	TIME	discussion	58.119658119658126	62.26912928759894	64.06685236768801	66.11111111111111	68.98395721925134
TIME	usenet	TIME	general	75.177304964539	77.89473684210527	78.49829351535836	79.0035587188612	79.71014492753622
TIME	usenet	TIME	historical	82.47422680412373	83.42245989304814	84.94623655913978	86.95652173913044	86.95652173913044
TIME	usenet	TIME	newswire	80.05148005148006	80.76433121019109	81.877444589309	82.49027237354085	82.76762402088774
TIME	usenet	TIME	online	67.54530477759474	68.12816188870151	68.34170854271358	68.59083191850594	69.23076923076923
TIME	usenet	TIME	pubmed	54.16666666666667	58.16733067729084	58.19672131147541	58.82352941176472	60.08230452674898
TIME	usenet	TIME	sms	66.3265306122449	68.34170854271358	72.08121827411168	72.9064039408867	75.51020408163265
TIME	usenet	TIME	telephony	49.85994397759105	52.22222222222223	54.38066465256798	55.81395348837209	56.973293768545986
TIME	usenet	TIME	wiki	87.29208250166334	88.23133826496301	88.33780160857908	88.50033624747815	89.14518317503392
TIME	wiki	TIME	ace	70.3964014619061	71.85593958756897	71.96072769275195	72.55952380952381	73.62250879249707
TIME	wiki	TIME	aquaint	74.53416149068323	75.0788643533123	75.47169811320754	75.54179566563467	75.86206896551725
TIME	wiki	TIME	broadcast	65.66125290023201	66.05714285714286	67.5417661097852	67.75700934579439	68.98954703832754
TIME	wiki	TIME	clinical	72.54540668596998	72.64076130055511	73.30364160335343	73.88434116715078	74.40860215053763
TIME	wiki	TIME	discussion	62.56983240223464	63.95663956639566	64.06685236768801	64.64088397790056	65.43535620052769
TIME	wiki	TIME	general	77.62237762237761	79.02097902097903	80.43478260869567	80.56537102473497	81.42857142857144
TIME	wiki	TIME	historical	86.17021276595744	87.36842105263159	88.04347826086956	88.88888888888889	89.94708994708994
TIME	wiki	TIME	newswire	81.20104438642298	81.67539267015707	81.67539267015707	81.97146562905318	82.01811125485123
TIME	wiki	TIME	online	66.66666666666666	67.99336650082918	68.0	68.8135593220339	69.03553299492387
TIME	wiki	TIME	pubmed	57.377049180327866	62.3076923076923	64.16666666666667	65.86345381526104	66.11570247933885
TIME	wiki	TIME	sms	64.39024390243901	65.98984771573603	66.99029126213593	67.33668341708542	72.08121827411168
TIME	wiki	TIME	telephony	52.394366197183096	53.64431486880466	54.166666666666664	54.43786982248522	55.71847507331379
TIME	wiki	TIME	usenet	67.16697936210132	67.54716981132076	67.66917293233082	68.38235294117648	70.24029574861369
