Src_Task	Src_Domains	Tgt_task	Tgt_Domain	F1_1	F1_2	F1_3_Median	F1_4	F1_5
GUM	academic,biography	GUM	voyage	47.98154555940023	49.0104772991851	49.707602339181285	50.08797653958944	50.14509576320372
GUM	academic,biography,fiction,interview,news,reddit	GUM	voyage	51.033668044890725	51.548801870251324	53.04193738924986	53.333333333333336	54.37352245862884
GUM	academic,biography,fiction,interview,news,voyage	GUM	reddit	63.277393879565636	63.515509601181684	63.53290450272142	64.35546875	64.47819696227339
GUM	academic,biography,fiction,interview,reddit,voyage	GUM	news	49.815498154981555	50.525015441630636	50.98522167487683	51.05067985166873	51.696483652066625
GUM	academic,biography,fiction,interview,reddit,voyage	GUM	wikihow	49.80916030534351	50.04739336492891	50.23969319271332	50.686878256750354	52.91308500477555
GUM	academic,biography,fiction,interview,voyage,wikihow	GUM	news	49.049662783568365	49.08869987849332	49.328449328449324	49.56304619225968	50.96852300242131
GUM	academic,biography,fiction,interview,voyage,wikihow	GUM	reddit	61.40350877192983	61.45578895945285	61.46341463414634	62.499999999999986	62.88508557457213
GUM	academic,biography,fiction,news,reddit,voyage	GUM	interview	55.16934046345811	55.45774647887324	55.47186530793089	56.36928539724811	57.2447614801605
GUM	academic,biography,fiction,news,reddit,voyage	GUM	wikihow	47.09800190294957	50.33816425120774	50.69477719214183	51.40096618357487	51.43678160919541
GUM	academic,biography,fiction,news,voyage,wikihow	GUM	interview	56.08137992038921	56.2005277044855	56.852343059239615	57.676902536715616	58.110516934046345
GUM	academic,biography,fiction,reddit,voyage	GUM	wikihow	48.056872037914694	48.87640449438202	49.068901303538176	50.56818181818181	50.75757575757576
GUM	academic,biography,fiction,reddit,voyage,wikihow	GUM	interview	57.21925133689838	57.63459841129745	57.82918149466192	57.876106194690266	58.96057347670251
GUM	academic,biography,fiction,reddit,voyage,wikihow	GUM	news	49.37238493723849	49.5500899820036	50.15179113539771	50.455927051671736	50.574712643678154
GUM	academic,biography,interview,news,reddit	GUM	voyage	48.598130841121495	49.12075029308323	49.205414949970574	49.557522123893804	49.557522123893804
GUM	academic,biography,interview,news,reddit,voyage	GUM	fiction	69.9421965317919	69.95645863570392	70.10607521697203	71.19140625000001	71.44934561318468
GUM	academic,biography,interview,news,reddit,voyage	GUM	wikihow	48.86148007590133	48.88673765730881	49.904214559386965	51.2147716229349	51.46705146705147
GUM	academic,biography,interview,news,voyage	GUM	reddit	61.703163017031635	62.22654350996596	62.48175182481752	63.68989205103043	64.49382716049384
GUM	academic,biography,interview,reddit	GUM	voyage	50.727166957533456	50.904845300642144	51.62050677666471	51.87388459250446	54.19892793329362
GUM	academic,biography,interview,reddit,voyage	GUM	fiction	69.72034715525555	69.75397973950797	69.95169082125604	70.07228915662651	70.44573643410853
GUM	academic,biography,interview,reddit,voyage	GUM	news	49.7196261682243	50.03080714725816	50.25062656641603	50.93167701863355	51.41800246609126
GUM	academic,biography,interview,reddit,voyage	GUM	wikihow	50.19047619047618	50.63769485120453	50.74056378404206	51.080172827652426	53.578336557059956
GUM	academic,biography,interview,voyage	GUM	reddit	61.35029354207436	62.77805239742956	63.1219512195122	63.27130264446622	63.94490900147565
GUM	academic,biography,news,reddit,voyage	GUM	interview	55.238930293730824	56.126482213438734	56.21431708388231	56.3922942206655	56.47985989492119
GUM	academic,biography,reddit	GUM	voyage	48.60139860139861	48.73271889400922	49.362688296639625	49.392712550607285	49.53379953379954
GUM	academic,biography,reddit,voyage	GUM	fiction	68.82239382239382	69.01544401544402	69.51871657754009	69.99031945788965	70.72576716999512
GUM	academic,biography,reddit,voyage	GUM	interview	55.37918871252203	55.38057742782152	56.717724288840266	57.06783369803063	57.356828193832584
GUM	academic,biography,reddit,voyage	GUM	news	47.689463955637706	48.41463414634147	48.536585365853654	48.86988393402566	49.042618900555894
GUM	academic,biography,reddit,voyage	GUM	wikihow	48.38095238095238	49.11440880804213	49.92921189240207	51.417587698222015	51.91570881226054
GUM	academic,biography,voyage	GUM	fiction	67.62452107279692	67.75275515093435	67.855421686747	68.144578313253	69.78102189781022
GUM	academic,biography,voyage	GUM	interview	55.31728665207878	55.4343081623745	55.74486675404107	56.11573871109162	56.39458751636839
GUM	academic,biography,voyage	GUM	news	49.13793103448276	49.170251997541484	49.32014833127318	49.721706864564005	50.06242197253433
GUM	academic,biography,voyage	GUM	reddit	58.377340374459905	60.117302052785924	60.36079960994637	61.05675146771037	61.628473915163326
GUM	academic,biography,voyage	GUM	wikihow	48.43006660323501	48.855674918262494	50.26178010471204	51.80201826045171	52.02863961813843
GUM	academic,fiction,interview,news,reddit,voyage	GUM	biography	69.6323195642306	70.11337868480726	70.26540710751237	70.3336339044184	70.60414788097384
GUM	academic,interview,news,reddit,voyage	GUM	biography	68.66213151927438	68.85245901639344	69.05626134301271	69.06151773686574	69.14798206278026
GUM	academic,interview,reddit,voyage	GUM	biography	68.4539767649687	68.56888096299599	69.3176683235427	69.67799642218246	69.72559604138551
GUM	academic,reddit,voyage	GUM	biography	68.72207327971404	68.73065015479875	69.09413854351686	69.56136464333184	69.64684845775592
GUM	academic,voyage	GUM	biography	67.81761841522798	68.40707964601769	68.89483065953654	68.96860986547084	69.06987093902983
GUM	biography,fiction,interview,news,reddit,voyage	GUM	academic	57.109959700633276	57.435897435897445	57.94606999426277	58.075601374570454	60.798122065727696
GUM	biography,interview,news,reddit,voyage	GUM	academic	55.164585698070375	55.518018018018026	56.41891891891891	57.12656784492588	57.912844036697244
GUM	biography,interview,reddit,voyage	GUM	academic	53.767123287671225	55.618615209988654	55.68896512292738	55.72649572649573	56.3573883161512
GUM	biography,reddit,voyage	GUM	academic	55.94563986409966	56.21746674378254	56.758338209479234	56.79723502304148	57.83972125435539
GUM	biography,voyage	GUM	academic	50.770108385624646	50.87620124364047	52.01845444059977	52.46842709529276	52.51141552511416
GUM	biography,voyage	GUM	fiction	67.91546589817483	68.27386692381872	68.72289156626506	68.81307063911581	68.92545982575024
GUM	biography,voyage	GUM	interview	55.40361711513013	55.43951261966929	55.511638120333785	55.84872471416007	56.124721603563465
GUM	biography,voyage	GUM	news	48.43269821757837	48.63861386138614	48.99205864386072	49.479485609308014	50.64220183486238
GUM	biography,voyage	GUM	reddit	58.08612440191388	58.301158301158296	59.255679072015454	60.16417189763399	61.75609756097561
GUM	biography,voyage	GUM	wikihow	46.28330995792426	46.42184557438795	48.318332543818094	49.69469234382339	50.04686035613871
GUM	n2,academic,interview	GUM	biography	67.91277258566979	67.94592237243786	68.12499999999999	68.59903381642512	69.5187165775401
GUM	n2,biography,interview	GUM	academic	54.525014052838664	54.81823427582228	54.86624928856004	56.52421652421652	56.54390934844192
GUM	n2,biography,interview	GUM	news	49.93939393939395	50.830769230769235	50.94339622641508	52.02952029520295	52.08333333333335
GUM	n2,biography,interview	GUM	voyage	51.076207097149506	51.548801870251324	51.60912814511411	52.42603550295859	52.87896592244417
GUM	n2,biography,news	GUM	interview	54.34876676763306	54.38144329896908	55.1664504971898	55.781723689909036	56.2091503267974
GUM	n2,interview,reddit	GUM	wikihow	47.72296015180265	48.118151500714625	49.051094890510946	49.40391034811636	49.42857142857143
GUM	n2,interview,wikihow	GUM	reddit	59.48275862068966	59.650778669183566	60.427553444180525	62.651772705196684	62.65761396702232
GUM	n2,reddit,wikihow	GUM	fiction	68.14031715521385	68.68686868686869	68.95219700627717	69.56942428640541	69.5778748180495
GUM	n3,academic,biography,interview	GUM	news	48.338368580060425	48.44036697247706	49.35064935064935	50.0	50.5276225946617
GUM	n3,academic,biography,news	GUM	interview	56.27476882430646	56.3676148796499	56.52173913043479	56.72031317964332	57.830271216098
GUM	n3,academic,interview,news	GUM	biography	69.07630522088354	69.34404283801874	69.57303370786516	70.17225747960109	70.44424297370807
GUM	n3,biography,interview,news	GUM	academic	54.59641255605382	54.77131564088087	54.77272727272727	54.92227979274611	55.074116305587225
GUM	n3,biography,interview,news	GUM	voyage	48.92002335084647	49.11072862880092	49.29742388758782	49.562682215743436	49.883449883449885
GUM	n3,fiction,interview,reddit	GUM	wikihow	43.634642688121154	45.09056244041944	47.019867549668874	47.12092130518234	47.646219686162624
GUM	n3,interview,news,wikihow	GUM	reddit	60.30828516377649	61.078998073217726	61.575875486381314	61.74298375184638	62.018527547537786
GUM	n3,interview,reddit,wikihow	GUM	fiction	68.1644359464627	68.66248189280542	68.78919440424505	68.79844961240309	68.98887276245766
GUM	n3,n3,academic,interview,news	GUM	biography	69.07630522088354	69.34404283801874	69.57303370786516	70.17225747960109	70.44424297370807
GUM	n4,academic,biography,news,reddit	GUM	interview	54.290718038528894	54.44839857651246	54.609306409130824	55.37918871252203	55.4569653948536
GUM	n6,biography,interview,news,reddit,voyage,wikihow	GUM	academic	56.20767494356659	56.91519635742743	57.24020442930152	57.34104046242775	57.90976584808681
GUM	n7,academic,biography,fiction,interview,news,reddit,voyage	GUM	wikihow	48.114558472553696	48.87613582018173	49.13294797687862	49.61013645224172	51.417587698222015
GUM	n7,academic,biography,fiction,interview,news,reddit,wikihow	GUM	voyage	50.14714537963507	50.89179548156956	51.6470588235294	52.12765957446809	52.743362831858406
GUM	n7,academic,biography,fiction,interview,news,voyage,wikihow	GUM	reddit	62.1264086232239	62.512266928361136	63.352826510721236	63.49828515433611	63.77097729516288
GUM	n7,academic,biography,fiction,interview,reddit,voyage,wikihow	GUM	news	49.9690018598884	50.31055900621118	50.488997555012226	50.79754601226995	50.9633312616532
GUM	n7,academic,biography,fiction,news,reddit,voyage,wikihow	GUM	interview	57.18096931969765	57.66164747564216	57.85050862450244	58.2255907267053	58.76152832674572
GUM	n7,academic,biography,interview,news,reddit,voyage,wikihow	GUM	fiction	67.97510770703686	68.13608049832295	68.6897880539499	69.11196911196912	69.18971373119844
GUM	n7,academic,fiction,interview,news,reddit,voyage,wikihow	GUM	biography	69.42446043165468	69.60431654676258	69.97742663656885	70.17703132092599	70.54545454545455
GUM	n7,biography,fiction,interview,news,reddit,voyage,wikihow	GUM	academic	56.1861520998865	56.25717566016074	57.38636363636363	57.619321449108675	58.256880733944946
POS	academic,biography,fiction,general,gum,interview,literature,news,online,reddit,voyage	POS	wikihow	95.34788818608448	95.409100183636	95.42950418281984	95.51112017955519	95.53152417873903
POS	academic,biography,fiction,general,gum,interview,literature,news,online,reddit,voyage,wikihow	NER	clinical	82.20025109855618	82.61154446177848	83.36356777062497	83.80230766812338	84.0253766851705
POS	academic,biography,fiction,general,gum,interview,literature,news,online,reddit,voyage,wikihow	NER	financial	79.42293090356871	79.69465648854963	80.09404388714734	82.11189913317573	83.33333333333334
POS	academic,biography,fiction,general,gum,interview,literature,news,online,reddit,voyage,wikihow	NER	gum	58.92710114636772	59.480341454296216	59.51016810426242	59.93630573248407	60.737689571241326
POS	academic,biography,fiction,general,gum,interview,literature,news,online,reddit,voyage,wikihow	NER	literature	68.94026092927443	69.22987300477689	69.58135219761104	69.73699590882524	70.41651833392666
POS	academic,biography,fiction,general,gum,interview,literature,news,online,reddit,voyage,wikihow	NER	materials	76.44334671194814	76.928	76.93298969072167	77.9585326953748	78.21122740247384
POS	academic,biography,fiction,general,gum,interview,literature,news,online,reddit,voyage,wikihow	NER	news	89.59466573082996	90.05612065941774	90.55711282410653	90.75895994378074	90.78426194877211
POS	academic,biography,fiction,general,gum,interview,literature,news,online,reddit,voyage,wikihow	NER	privacy	92.83163487501089	93.7101104802148	94.17984755694586	94.20182365516338	94.53238040952338
POS	academic,biography,fiction,general,gum,interview,literature,news,online,reddit,voyage,wikihow	NER	social	41.23831775700935	42.51321197886083	42.582106455266135	44.50704225352112	44.90016189962224
POS	academic,biography,fiction,general,gum,interview,literature,news,online,reddit,voyage,wikihow	NER	twitter	45.18767343362056	45.29902445921108	45.48577710595026	46.16438356164384	46.222098987938445
POS	academic,biography,fiction,general,gum,interview,literature,news,online,reddit,voyage,wikihow	NER	wetlab	79.43773652910436	79.4704744905548	79.49030207621706	79.70349029140783	79.74911469899764
POS	academic,biography,fiction,general,gum,interview,literature,news,online,reddit,wikihow	POS	voyage	95.26078898596771	95.26078898596771	95.26078898596771	95.31374106433678	95.34021710352133
POS	academic,biography,fiction,general,gum,interview,literature,news,online,voyage,wikihow	POS	reddit	94.43988510463684	94.50143619203939	94.62453836684448	94.66557242511284	94.82970865818629
POS	academic,biography,fiction,general,gum,interview,literature,news,reddit,voyage,wikihow	POS	online	96.99281150159744	97.01277955271566	97.02476038338658	97.08466453674122	97.08466453674122
POS	academic,biography,fiction,general,gum,interview,literature,online,reddit,voyage,wikihow	POS	news	96.56970912738214	96.56970912738214	96.64994984954865	96.67001003009027	96.7703109327984
POS	academic,biography,fiction,general,gum,interview,news,online,reddit,voyage,wikihow	POS	literature	97.42687063944186	97.51648210971004	97.55488702553927	97.58689112206362	97.63809767650258
POS	academic,biography,fiction,general,gum,interview,news,reddit,voyage,wikihow	POS	literature	97.47167637457595	97.49727965179544	97.49727965179544	97.5036804711003	97.58049030275875
POS	academic,biography,fiction,general,gum,literature,news,online,reddit,voyage,wikihow	POS	interview	94.94360171139634	95.04084014002333	95.09918319719954	95.11863088292493	95.19642162582652
POS	academic,biography,fiction,general,gum,online,voyage	POS	wikihow	95.14384819424608	95.14384819424608	95.28667618853295	95.32748418690063	95.59273617629054
POS	academic,biography,fiction,general,gum,online,wikihow	POS	voyage	94.9166004765687	95.128408790045	95.18136086841409	95.18136086841409	95.20783690759862
POS	academic,biography,fiction,general,gum,voyage,wikihow	POS	online	96.92492012779552	97.00079872204472	97.02875399361022	97.06070287539936	97.1405750798722
POS	academic,biography,fiction,general,interview,literature,news,online,reddit,voyage,wikihow	POS	gum	95.94899757655871	96.1197400308438	96.13901740471469	96.16104868913857	96.21612690019829
POS	academic,biography,fiction,general,online,voyage,wikihow	POS	gum	96.4749944921789	96.59892046706324	96.61269001982814	96.62645957259309	96.63472130425204
POS	academic,biography,fiction,gum,interview,literature,news,online,reddit,voyage,wikihow	POS	general	96.65492957746478	96.71361502347418	96.80164319248826	96.97769953051643	97.09507042253522
POS	academic,biography,fiction,gum,interview,literature,news,reddit,voyage,wikihow	POS	general	96.59624413145539	96.6255868544601	96.71361502347418	96.83098591549296	96.86032863849765
POS	academic,biography,fiction,gum,interview,news,online,voyage,wikihow	POS	reddit	94.91177677472301	94.9322938038572	94.9322938038572	95.0348789495281	95.05539597866229
POS	academic,biography,fiction,gum,interview,news,online,wikihow	POS	voyage	95.44612126025946	95.472597299444	95.472597299444	95.52554937781308	95.816785808843
POS	academic,biography,fiction,gum,interview,online,reddit,voyage,wikihow	POS	news	96.89067201604814	96.89067201604814	96.97091273821464	97.05115346038114	97.0912738214644
POS	academic,biography,fiction,gum,news,online,reddit,voyage,wikihow	POS	interview	95.21586931155194	95.25476468300272	95.31310774017892	95.50758459743291	95.56592765460911
POS	academic,biography,fiction,gum,online	POS	wikihow	95.2050601917976	95.4703121811875	95.49071618037135	95.55192817792287	95.67435217302591
POS	academic,biography,fiction,gum,online,voyage	POS	wikihow	94.91940420322382	95.14384819424608	95.24586819016527	95.34788818608448	95.49071618037135
POS	academic,biography,fiction,gum,online,voyage,wikihow	POS	general	96.86032863849765	96.88967136150235	96.94835680751174	97.06572769953051	97.09507042253522
POS	academic,biography,fiction,gum,online,voyage,wikihow	POS	news	96.71013039117352	96.81043129388165	96.87061183550651	96.97091273821464	96.99097291875627
POS	academic,biography,fiction,gum,voyage,wikihow	POS	general	96.71361502347418	96.80164319248826	96.83098591549296	96.86032863849765	96.91901408450704
POS	academic,biography,fiction,gum,voyage,wikihow	POS	news	97.4122367101304	97.53259779338013	97.59277833500502	97.63289869608826	97.69307923771315
POS	academic,biography,fiction,interview,news,online,reddit,voyage	POS	wikihow	95.75596816976127	95.91920016323199	95.96000816159967	96.02122015915118	96.06202815751888
POS	academic,biography,fiction,interview,news,online,reddit,wikihow	POS	voyage	95.26078898596771	95.34021710352133	95.34021710352133	95.39316918189039	95.52554937781308
POS	academic,biography,fiction,news,online,reddit,voyage	POS	wikihow	95.77637216894512	95.77637216894512	95.79677616812894	95.89879616404815	95.93960416241583
POS	academic,biography,fiction,news,reddit,voyage	POS	interview	96.73278879813302	96.75223648385843	96.8494749124854	96.90781796966161	96.96616102683781
POS	academic,biography,fiction,news,reddit,voyage,wikihow	POS	interview	96.67444574095683	96.69389342668222	96.71334111240762	96.71334111240762	96.8494749124854
POS	academic,biography,fiction,online,reddit,voyage	POS	news	97.05115346038114	97.11133400200602	97.13139418254765	97.17151454363089	97.31193580742227
POS	academic,biography,fiction,voyage,wikihow	POS	general	96.94835680751174	97.06572769953051	97.09507042253522	97.30046948356808	97.32981220657277
POS	academic,biography,general,gum,interview,literature,news,online,reddit,voyage,wikihow	POS	fiction	96.00333055786844	96.1421038023869	96.19761310019427	96.25312239800166	96.30863169580904
POS	academic,biography,general,gum,online,voyage,wikihow	POS	fiction	96.11434915348322	96.22536774909798	96.30863169580904	96.33638634471275	96.4196502914238
POS	academic,biography,gum,interview,news	POS	reddit	95.60935576528519	95.79400902749282	95.814526056627	95.93762823143209	96.12228149363972
POS	academic,biography,gum,interview,news,voyage	POS	reddit	95.56832170701682	95.588838736151	95.60935576528519	95.62987279441937	95.87607714402955
POS	academic,biography,gum,interview,online,reddit,voyage,wikihow	POS	news	96.91073219658976	96.9307923771314	96.97091273821464	97.01103309929789	97.05115346038114
POS	academic,biography,gum,interview,online,voyage,wikihow	POS	fiction	96.00333055786844	96.08659450457951	96.28087704690536	96.36414099361643	96.66944213155703
POS	academic,biography,gum,online,voyage,wikihow	POS	fiction	96.1421038023869	96.30863169580904	96.50291423813488	96.53066888703859	96.58617818484596
POS	academic,biography,gum,online,wikihow	POS	fiction	96.08659450457951	96.22536774909798	96.28087704690536	96.4474049403275	96.53066888703859
POS	academic,biography,interview,news,online,reddit,voyage,wikihow	POS	fiction	97.00249791840133	97.05800721620872	97.14127116291978	97.22453510963086	97.22453510963086
POS	academic,fiction,general,gum,interview,literature,news,online,reddit,voyage,wikihow	POS	biography	95.96836419753086	96.00694444444444	96.18055555555556	96.29629629629629	96.4891975308642
POS	academic,fiction,general,gum,online,voyage,wikihow	POS	biography	96.18055555555556	96.35416666666666	96.43132716049382	96.50848765432097	96.60493827160492
POS	academic,fiction,general,interview,literature,news,online,reddit,voyage,wikihow	POS	gum	96.0095836087244	96.15003304692664	96.16104868913857	96.18032606300947	96.31526768010575
POS	academic,fiction,general,interview,literature,news,reddit,voyage,wikihow	POS	gum	96.12800176250276	96.18583388411544	96.19684952632738	96.2491738268341	96.34831460674157
POS	academic,fiction,interview,news,online,reddit,voyage,wikihow	POS	biography	97.02932098765432	97.0871913580247	97.12577160493827	97.14506172839506	97.14506172839506
POS	academic,fiction,interview,news,reddit,voyage,wikihow	POS	gum	96.56862745098039	96.6044282881692	96.62095175148711	96.62921348314607	96.64298303591099
POS	biography,fiction,general,gum	POS	online	96.96884984025559	96.97683706070288	96.98083067092652	97.120607028754	97.13658146964856
POS	biography,fiction,general,gum,interview,literature,news,online,reddit,voyage,wikihow	POS	academic	96.54186167446697	96.56786271450858	96.56786271450858	96.61986479459178	96.6978679147166
POS	biography,fiction,general,gum,interview,literature,news,online,voyage,wikihow	POS	reddit	94.72712351251539	94.78867459991793	94.95281083299139	94.95281083299139	94.99384489125976
POS	biography,fiction,general,gum,interview,literature,online	POS	voyage	94.73126820227694	94.78422028064601	94.96955255493779	94.99602859412232	95.10193275086047
POS	biography,fiction,general,gum,interview,online,voyage,wikihow	POS	literature	97.49087883249055	97.56128784484413	97.60609357997824	97.63809767650258	97.64449849580747
POS	biography,fiction,general,gum,literature,news,online,wikihow	POS	interview	94.92415402567094	95.09918319719954	95.13807856865033	95.19642162582652	95.29366005445353
POS	biography,fiction,general,gum,online	NER	clinical	83.22225715183905	83.43682676466861	83.69116885968351	84.00183978049515	84.39810426540284
POS	biography,fiction,general,gum,online	NER	financial	80.95238095238096	82.03125000000001	82.7694728560189	83.05489260143199	84.96420047732697
POS	biography,fiction,general,gum,online	NER	gum	58.16546306854175	58.79291743352161	58.954712514794736	59.5720507479644	60.22110038980127
POS	biography,fiction,general,gum,online	NER	literature	69.5571312332907	69.77454203851573	69.95399315795683	70.02224043076203	70.79478054567022
POS	biography,fiction,general,gum,online	NER	materials	75.99125819544177	77.00706486833656	77.18291905672403	77.40492170022371	77.66126469653638
POS	biography,fiction,general,gum,online	NER	news	90.36293164200141	90.41336851363236	90.4160084254871	90.51223376166168	90.90267360804731
POS	biography,fiction,general,gum,online	NER	privacy	94.00429203346033	94.03950204548454	94.05778505375868	94.20529801324504	94.55278495990184
POS	biography,fiction,general,gum,online	NER	social	43.43649946638207	43.73211219232971	44.33551198257081	45.35147392290249	46.42289348171701
POS	biography,fiction,general,gum,online	NER	twitter	43.4024567428345	45.869191049913944	45.99826639699509	46.14040198077484	46.64848571838668
POS	biography,fiction,general,gum,online	NER	wetlab	79.45230213662353	79.4930321960596	79.55230562602596	79.82677733670155	79.97835172434529
POS	biography,fiction,general,gum,online	POS	academic	96.54186167446697	96.56786271450858	96.59386375455018	96.67186687467499	96.801872074883
POS	biography,fiction,general,gum,online	POS	interview	94.92415402567094	94.96304939712175	94.98249708284715	95.06028782574873	95.09918319719954
POS	biography,fiction,general,gum,online	POS	literature	97.49087883249055	97.52928374831978	97.61889521858798	97.63809767650258	97.63809767650258
POS	biography,fiction,general,gum,online	POS	news	96.67001003009027	96.7703109327984	96.81043129388165	96.85055165496489	96.95085255767302
POS	biography,fiction,general,gum,online	POS	reddit	94.68608945424702	94.72712351251539	94.91177677472301	94.97332786212557	95.01436192039392
POS	biography,fiction,general,gum,online	POS	voyage	94.81069631983056	94.9166004765687	95.18136086841409	95.20783690759862	95.34021710352133
POS	biography,fiction,general,gum,online	POS	wikihow	95.06223219751071	95.10304019587839	95.16425219342992	95.18465619261374	95.2050601917976
POS	biography,fiction,general,gum,online,voyage	POS	wikihow	95.30708018771679	95.36829218526832	95.4703121811875	95.59273617629054	95.63354417465824
POS	biography,fiction,general,gum,online,voyage,wikihow	NER	clinical	83.52870738009706	83.66309905675358	83.95142558730456	84.24189585479908	84.50870181360763
POS	biography,fiction,general,gum,online,voyage,wikihow	NER	financial	81.86046511627907	82.6938136256852	83.3201581027668	83.33333333333333	83.45098039215686
POS	biography,fiction,general,gum,online,voyage,wikihow	NER	gum	59.278318167555696	59.7287921791233	59.79673227839959	60.09156810377719	60.58665300371461
POS	biography,fiction,general,gum,online,voyage,wikihow	NER	literature	69.57917669991973	70.08244994110719	70.3829488230472	70.53186391950167	71.50811515223315
POS	biography,fiction,general,gum,online,voyage,wikihow	NER	materials	76.4481222151496	76.59838609559279	77.01863354037266	77.38883632923368	78.01916932907349
POS	biography,fiction,general,gum,online,voyage,wikihow	NER	news	90.28130751029707	90.64584064584065	90.71893127087361	90.96984085113866	91.10012360939433
POS	biography,fiction,general,gum,online,voyage,wikihow	NER	privacy	93.14216617723268	93.6131307414341	94.05362706806514	94.08557231432214	94.08557231432214
POS	biography,fiction,general,gum,online,voyage,wikihow	NER	social	42.85714285714286	43.403338718362946	44.229736983360176	44.28726877040261	44.339622641509436
POS	biography,fiction,general,gum,online,voyage,wikihow	NER	twitter	45.81592777253739	46.41599774679623	47.39432541980313	47.552247351846546	48.63841561089268
POS	biography,fiction,general,gum,online,voyage,wikihow	NER	wetlab	79.43190007206341	79.5848989085704	79.63709075715522	79.77278191873046	80.14427412082958
POS	biography,fiction,general,gum,online,voyage,wikihow	POS	academic	96.35985439417577	96.51586063442538	96.67186687467499	96.8798751950078	96.93187727509101
POS	biography,fiction,general,gum,online,voyage,wikihow	POS	interview	95.15752625437572	95.15752625437572	95.19642162582652	95.23531699727732	95.6242707117853
POS	biography,fiction,general,gum,online,voyage,wikihow	POS	literature	97.51008129040517	97.58689112206362	97.58689112206362	97.59969276067336	97.66370095372207
POS	biography,fiction,general,gum,online,voyage,wikihow	POS	news	96.91073219658976	97.01103309929789	97.03109327983952	97.03109327983952	97.07121364092276
POS	biography,fiction,general,gum,online,voyage,wikihow	POS	reddit	94.80919162905211	94.95281083299139	95.1579811243332	95.1579811243332	95.19901518260156
POS	biography,fiction,general,gum,online,wikihow	NER	clinical	83.37202237213143	84.02534547538689	84.15152192660257	84.34699103713189	84.35141677345864
POS	biography,fiction,general,gum,online,wikihow	NER	financial	76.86622320768662	80.36951501154735	82.27060653188181	82.43559718969556	83.5027365129007
POS	biography,fiction,general,gum,online,wikihow	NER	gum	59.61733400912317	60.180157158372204	60.200583978672086	60.69367827024285	60.866798192579395
POS	biography,fiction,general,gum,online,wikihow	NER	literature	68.8925464378086	69.2813527477689	69.48502994011976	69.75489621203236	70.58268459542344
POS	biography,fiction,general,gum,online,wikihow	NER	materials	76.56997131016895	77.18960538979789	77.29214590864278	77.39660147483168	78.47854356306892
POS	biography,fiction,general,gum,online,wikihow	NER	news	90.0569426193605	90.21291509681942	90.2276707530648	90.53852235790212	90.68618804021874
POS	biography,fiction,general,gum,online,wikihow	NER	privacy	93.91800043850033	93.9200419910769	94.10993047356683	94.47474925215556	94.51149678442428
POS	biography,fiction,general,gum,online,wikihow	NER	social	41.09589041095891	42.61057173678533	43.49750968456004	44.862829478214096	46.40702139330774
POS	biography,fiction,general,gum,online,wikihow	NER	twitter	44.11847672778562	45.6241863156372	46.15599664523343	46.395348837209305	46.884691288412746
POS	biography,fiction,general,gum,online,wikihow	NER	wetlab	79.37925042691514	79.37967721576054	79.61462272645417	79.65533748204882	79.75334636787485
POS	biography,fiction,general,gum,online,wikihow	POS	academic	96.41185647425897	96.41185647425897	96.46385855434218	96.54186167446697	96.56786271450858
POS	biography,fiction,general,gum,online,wikihow	POS	interview	95.33255542590432	95.41034616880592	95.42979385453131	95.48813691170751	95.6242707117853
POS	biography,fiction,general,gum,online,wikihow	POS	literature	97.54208538692953	97.5484862062344	97.59969276067336	97.59969276067336	97.61889521858798
POS	biography,fiction,general,gum,online,wikihow	POS	news	96.83049147442327	96.83049147442327	96.9307923771314	96.9307923771314	97.03109327983952
POS	biography,fiction,general,gum,online,wikihow	POS	reddit	94.76815757078376	94.78867459991793	94.85022568732047	94.95281083299139	95.01436192039392
POS	biography,fiction,general,gum,online,wikihow	POS	voyage	95.28726502515224	95.28726502515224	95.28726502515224	95.31374106433678	95.49907333862853
POS	biography,fiction,general,gum,voyage,wikihow	POS	online	96.95287539936103	97.00079872204472	97.02076677316293	97.06070287539936	97.06869009584665
POS	biography,fiction,general,gum,wikihow	POS	online	96.90095846645367	97.01277955271566	97.09265175718849	97.10063897763578	97.1685303514377
POS	biography,fiction,general,online	POS	gum	96.65950649922891	96.76415510024235	96.76966292134831	96.78894029521922	96.83851068517293
POS	biography,fiction,general,online,voyage,wikihow	POS	gum	96.58239700374533	96.60993610927517	96.72835426305355	96.73386208415951	96.78894029521922
POS	biography,fiction,general,online,wikihow	POS	gum	96.65124476756995	96.67052214144086	96.6980612469707	96.75589336858339	96.78067856356026
POS	biography,fiction,gum,online	POS	general	96.91901408450704	97.00704225352112	97.03638497652582	97.06572769953051	97.06572769953051
POS	biography,fiction,gum,online,voyage	POS	wikihow	95.49071618037135	95.51112017955519	95.53152417873903	95.57233217710672	95.6131401754744
POS	biography,fiction,gum,online,voyage,wikihow	POS	academic	96.67186687467499	96.72386895475819	96.8278731149246	96.8538741549662	96.8798751950078
POS	biography,fiction,gum,online,voyage,wikihow	POS	general	96.6255868544601	96.65492957746478	96.80164319248826	96.80164319248826	96.86032863849765
POS	biography,fiction,gum,online,wikihow	POS	general	96.88967136150235	96.91901408450704	97.03638497652582	97.1244131455399	97.1830985915493
POS	biography,fiction,literature,online,wikihow	POS	general	96.77230046948357	96.94835680751174	96.94835680751174	96.97769953051643	97.00704225352112
POS	biography,fiction,news,online,reddit,voyage,wikihow	POS	academic	96.74986999479978	96.801872074883	96.801872074883	96.801872074883	96.8538741549662
POS	biography,general,gum	POS	online	96.99680511182109	97.00878594249201	97.08466453674122	97.14856230031948	97.14856230031948
POS	biography,general,gum,interview,literature,online,wikihow	POS	fiction	96.22536774909798	96.22536774909798	96.25312239800166	96.33638634471275	96.50291423813488
POS	biography,general,gum,interview,online	POS	news	96.73019057171514	96.83049147442327	96.85055165496489	96.87061183550651	96.95085255767302
POS	biography,general,gum,literature,news,online,reddit,voyage,wikihow	POS	academic	95.83983359334374	95.91783671346855	96.20384815392615	96.35985439417577	96.46385855434218
POS	biography,general,gum,literature,news,reddit	POS	interview	95.72150914041228	95.83819525476468	95.87709062621548	95.87709062621548	96.12991054064565
POS	biography,general,gum,online	NER	clinical	82.74860798672601	83.37996290591305	83.46817134228722	83.6335331205729	83.99666104924952
POS	biography,general,gum,online	NER	financial	80.98537336412626	81.22605363984675	81.7688130333592	82.87292817679558	85.6910569105691
POS	biography,general,gum,online	NER	gum	58.24755532681421	58.882801183953646	59.33458882611424	59.44846867454569	59.6353507217017
POS	biography,general,gum,online	NER	literature	69.51646811492643	69.96889207944483	70.05953075755806	70.34836304322498	70.9093020555104
POS	biography,general,gum,online	NER	materials	75.80490914886835	76.93290734824282	77.681716298431	78.17886178861788	79.12575229648401
POS	biography,general,gum,online	NER	news	90.30212278692858	90.38797623208667	90.45526454561434	90.45570287119149	90.70664562510959
POS	biography,general,gum,online	NER	privacy	93.27986603798527	93.56435643564356	93.82791653908401	93.93530410553355	94.02348388231673
POS	biography,general,gum,online	NER	social	40.17946161515453	41.69927333705981	43.48302300109529	43.55418592706728	43.84180790960452
POS	biography,general,gum,online	NER	twitter	44.78266831208008	45.61653599429793	45.652789578023224	45.73518653986833	46.2972972972973
POS	biography,general,gum,online	NER	wetlab	79.53034205954592	79.63629816348579	79.85906161537072	80.01683046313829	80.0407515057082
POS	biography,general,gum,online	POS	academic	96.41185647425897	96.46385855434218	96.56786271450858	96.67186687467499	96.67186687467499
POS	biography,general,gum,online	POS	fiction	96.4196502914238	96.4751595892312	96.53066888703859	96.53066888703859	96.69719678046073
POS	biography,general,gum,online	POS	interview	95.09918319719954	95.15752625437572	95.17697394010113	95.21586931155194	95.6048230260599
POS	biography,general,gum,online	POS	literature	97.49727965179544	97.51648210971004	97.55488702553927	97.56128784484413	97.61889521858798
POS	biography,general,gum,online	POS	news	96.64994984954865	96.6900702106319	96.81043129388165	96.83049147442327	96.83049147442327
POS	biography,general,gum,online	POS	reddit	94.52195322117358	94.62453836684448	94.68608945424702	94.70660648338122	94.9322938038572
POS	biography,general,gum,online	POS	voyage	95.26078898596771	95.28726502515224	95.31374106433678	95.39316918189039	95.44612126025946
POS	biography,general,gum,online	POS	wikihow	94.9602122015915	95.18465619261374	95.34788818608448	95.42950418281984	95.49071618037135
POS	biography,general,gum,online,voyage,wikihow	POS	fiction	96.50291423813488	96.53066888703859	96.55842353594227	96.58617818484596	96.64168748265335
POS	biography,general,gum,online,wikihow	POS	fiction	96.28087704690536	96.4474049403275	96.61393283374964	96.66944213155703	96.8082153760755
POS	biography,general,gum,online,wikihow	POS	voyage	95.31374106433678	95.44612126025946	95.52554937781308	95.65792957373577	95.65792957373577
POS	biography,general,interview	POS	literature	97.43327145874672	97.43967227805159	97.43967227805159	97.52928374831978	97.53568456762466
POS	biography,general,online	POS	gum	96.70081515752368	96.72560035250055	96.74212381581846	96.76415510024235	96.78067856356026
POS	biography,gum	NER	clinical	83.43431122448979	83.44464524239804	84.02427999483405	84.0736281840071	84.28689357378715
POS	biography,gum	NER	financial	80.45454545454545	80.73115003808073	81.13496932515338	81.69884169884169	82.55451713395638
POS	biography,gum	NER	gum	60.16115728697417	60.26023484608061	60.26834435385504	60.769819016059145	61.14009661835749
POS	biography,gum	NER	literature	69.17596770363335	69.9257863116975	70.06205362369747	70.22002588539829	71.07164002368265
POS	biography,gum	NER	materials	75.91287636130686	76.0607979734009	77.07857841538963	78.1631342324984	78.75243664717348
POS	biography,gum	NER	news	90.25460930640912	90.70971137819107	90.93305218766473	90.97453906935908	90.97492052278346
POS	biography,gum	NER	privacy	93.88611912883758	94.1217665338994	94.37877593905962	94.5235053090717	94.62064131768004
POS	biography,gum	NER	social	43.290999447818876	43.76996805111821	44.31006047278724	46.68874172185431	46.71857619577308
POS	biography,gum	NER	twitter	45.60902470369842	45.724010778612964	46.3046977901361	46.60109921897599	46.75252735078244
POS	biography,gum	NER	wetlab	79.64138511988929	79.77831036548834	79.87383598678282	79.87645806470958	80.07090706967521
POS	biography,gum	POS	academic	96.15184607384295	96.35985439417577	96.56786271450858	96.56786271450858	96.64586583463338
POS	biography,gum	POS	fiction	97.22453510963086	97.28004440743825	97.33555370524563	97.4465723008604	97.50208159866777
POS	biography,gum	POS	general	96.74295774647888	96.80164319248826	96.83098591549296	96.94835680751174	97.09507042253522
POS	biography,gum	POS	interview	96.73278879813302	96.83002722676002	96.86892259821082	96.86892259821082	96.88837028393621
POS	biography,gum	POS	literature	97.47167637457595	97.47167637457595	97.5036804711003	97.58689112206362	97.64449849580747
POS	biography,gum	POS	news	97.31193580742227	97.3319959879639	97.35205616850551	97.47241725175526	97.59277833500502
POS	biography,gum	POS	online	96.98482428115015	97.064696485623	97.07667731629392	97.07667731629392	97.09664536741214
POS	biography,gum	POS	reddit	95.60935576528519	95.67090685268774	95.67090685268774	95.75297496922445	95.97866228970045
POS	biography,gum	POS	voyage	95.71088165210485	95.76383373047392	95.97564204395023	96.21392639661107	96.31983055334922
POS	biography,gum	POS	wikihow	95.77637216894512	95.87839216486431	95.87839216486431	96.00081615996736	96.22526015098958
POS	biography,gum,interview,literature,online,voyage,wikihow	POS	fiction	95.86455731334999	95.86455731334999	96.03108520677213	96.05883985567583	96.05883985567583
POS	biography,gum,interview,news,online,reddit	POS	voyage	95.34021710352133	95.41964522107492	95.52554937781308	95.6049774953667	95.65792957373577
POS	biography,gum,interview,news,online,reddit,voyage,wikihow	POS	academic	96.67186687467499	96.6978679147166	96.7758710348414	96.801872074883	96.9578783151326
POS	biography,gum,interview,online,wikihow	POS	voyage	95.18136086841409	95.26078898596771	95.31374106433678	95.41964522107492	95.44612126025946
POS	biography,gum,online	NER	clinical	83.32490358475059	83.5114865398279	83.75995314305614	83.7675669653515	84.14009111617314
POS	biography,gum,online	NER	financial	81.52173913043478	81.79705654531372	81.90327613104525	82.75316455696202	83.14960629921259
POS	biography,gum,online	NER	gum	60.06830255502151	60.21205002856961	60.2764042094586	60.635080645161295	60.83264685381155
POS	biography,gum,online	NER	literature	68.34218289085545	68.88604353393086	69.44830783495594	69.65034965034965	70.20225776105362
POS	biography,gum,online	NER	materials	74.82561826252378	76.2210796915167	76.6078184110971	76.79630850362558	77.37367235275185
POS	biography,gum,online	NER	news	90.11066221675742	90.29863933557166	90.42125502534522	90.44978434996919	90.90106786691379
POS	biography,gum,online	NER	privacy	94.16772721288454	94.1773925225462	94.31008090968727	94.38054262885241	94.39619064415149
POS	biography,gum,online	NER	social	43.10803618946248	44.8256779192031	45.535714285714285	46.30593132154006	48.38880084521923
POS	biography,gum,online	NER	twitter	45.977984758679085	46.19171338711883	46.19663468224169	46.23442808607022	46.81695732312491
POS	biography,gum,online	NER	wetlab	79.23770712851706	79.53328347045624	79.60618846694796	79.65507949339799	79.85747222804443
POS	biography,gum,online	POS	academic	96.38585543421738	96.61986479459178	96.64586583463338	96.67186687467499	96.7758710348414
POS	biography,gum,online	POS	fiction	96.22536774909798	96.30863169580904	96.30863169580904	96.33638634471275	96.36414099361643
POS	biography,gum,online	POS	general	96.88967136150235	96.94835680751174	96.97769953051643	96.97769953051643	97.00704225352112
POS	biography,gum,online	POS	interview	95.44924154025671	95.44924154025671	95.48813691170751	95.6437183975107	95.68261376896149
POS	biography,gum,online	POS	literature	97.47167637457595	97.51008129040517	97.55488702553927	97.55488702553927	97.59969276067336
POS	biography,gum,online	POS	news	96.81043129388165	96.81043129388165	96.89067201604814	96.89067201604814	96.97091273821464
POS	biography,gum,online	POS	reddit	94.6040213377103	94.85022568732047	94.87074271645466	94.9322938038572	95.1579811243332
POS	biography,gum,online	POS	voyage	95.02250463330685	95.28726502515224	95.31374106433678	95.34021710352133	95.41964522107492
POS	biography,gum,online	POS	wikihow	95.02142419914304	95.18465619261374	95.28667618853295	95.409100183636	95.42950418281984
POS	biography,gum,voyage	POS	academic	95.99583983359335	96.09984399375975	96.12584503380135	96.43785751430057	96.56786271450858
POS	biography,online	POS	general	96.83098591549296	96.86032863849765	96.88967136150235	96.97769953051643	97.00704225352112
POS	biography,online	POS	gum	96.71183079973562	96.72009253139458	96.7531394580304	96.75589336858339	96.83851068517293
POS	fiction,general,gum,interview,reddit,voyage,wikihow	POS	literature	97.45247391666133	97.5036804711003	97.52288292901491	97.57408948345389	97.57408948345389
POS	fiction,general,gum,literature,news,online	POS	interview	94.71022948269156	94.74912485414235	94.76857253986776	94.80746791131855	94.88525865422015
POS	fiction,general,gum,online	POS	biography	96.18055555555556	96.29629629629629	96.37345679012346	96.4699074074074	96.58564814814815
POS	fiction,general,gum,online,voyage,wikihow	POS	biography	95.77546296296296	95.89120370370371	95.96836419753086	95.98765432098766	96.4699074074074
POS	fiction,general,gum,online,wikihow	POS	biography	96.41203703703704	96.4699074074074	96.4891975308642	96.70138888888889	96.72067901234568
POS	general,gum	POS	literature	97.48447801318568	97.5036804711003	97.5484862062344	97.55488702553927	97.56128784484413
POS	general,gum,interview,literature,online	POS	wikihow	95.14384819424608	95.22546419098144	95.24586819016527	95.26627218934911	95.53152417873903
POS	general,gum,literature,online	POS	academic	96.17784711388455	96.35985439417577	96.41185647425897	96.56786271450858	96.56786271450858
POS	general,gum,literature,online	POS	fiction	96.00333055786844	96.03108520677213	96.05883985567583	96.11434915348322	96.19761310019427
POS	general,gum,literature,online	POS	voyage	94.75774424146147	94.99602859412232	95.18136086841409	95.28726502515224	95.36669314270586
POS	general,gum,online	POS	academic	96.20384815392615	96.22984919396775	96.25585023400937	96.28185127405096	96.46385855434218
POS	general,gum,online	POS	biography	96.33487654320987	96.41203703703704	96.70138888888889	96.70138888888889	96.875
POS	general,gum,online	POS	interview	94.94360171139634	95.02139245429794	95.07973551147414	95.19642162582652	95.35200311162971
POS	general,gum,online	POS	wikihow	95.12344419506223	95.14384819424608	95.14384819424608	95.18465619261374	95.36829218526832
POS	gum,literature	POS	general	96.77230046948357	96.77230046948357	97.03638497652582	97.09507042253522	97.1244131455399
POS	gum,literature,online	POS	fiction	96.05883985567583	96.05883985567583	96.08659450457951	96.1421038023869	96.30863169580904
POS	gum,online	POS	academic	96.64586583463338	96.64586583463338	96.64586583463338	96.64586583463338	96.74986999479978
POS	gum,online	POS	biography	96.8557098765432	96.875	96.91358024691358	96.95216049382715	97.0679012345679
POS	gum,online	POS	fiction	96.28087704690536	96.30863169580904	96.30863169580904	96.55842353594227	96.61393283374964
POS	gum,online	POS	general	96.91901408450704	97.06572769953051	97.09507042253522	97.1244131455399	97.27112676056338
POS	gum,online	POS	news	96.83049147442327	96.95085255767302	96.99097291875627	97.01103309929789	97.05115346038114
POS	gum,online	POS	reddit	94.78867459991793	94.9322938038572	94.9322938038572	94.95281083299139	95.09643003693066
POS	gum,online	POS	voyage	95.128408790045	95.15488482922954	95.18136086841409	95.23431294678316	95.41964522107492
POS	gum,online	POS	wikihow	95.44990818200367	95.53152417873903	95.77637216894512	95.77637216894512	95.77637216894512
POS	interview,news,online,reddit	POS	literature	97.47807719388082	97.49087883249055	97.58689112206362	97.59969276067336	97.64449849580747
POS	literature,online	NER	literature	73.92241379310344	74.13642960812771	74.37364228819696	74.62042220027072	74.72708991669062
POS	n2,general,literature	POS	online	96.89696485623003	96.94888178913737	97.00479233226838	97.03274760383387	97.08865814696486
POS	n2,general,online	POS	academic	96.46385855434218	96.46385855434218	96.51586063442538	96.51586063442538	96.59386375455018
POS	n2,general,online	POS	biography	96.39274691358025	96.4506172839506	96.52777777777779	96.54706790123457	96.56635802469135
POS	n2,general,online	POS	literature	97.40126736222237	97.42046982013697	97.43967227805159	97.44607309735646	97.47807719388082
POS	n2,general,online	POS	news	96.81043129388165	96.91073219658976	96.99097291875627	97.01103309929789	97.01103309929789
POS	n2,general,online	POS	voyage	94.73126820227694	94.86364839819963	94.99602859412232	95.0489806724914	95.0489806724914
POS	n2,literature,online	POS	fiction	97.0857618651124	97.0857618651124	97.14127116291978	97.14127116291978	97.19678046072717
POS	n2,literature,online	POS	general	96.83098591549296	96.86032863849765	96.86032863849765	96.88967136150235	97.00704225352112
POS	n2,literature,online	POS	interview	95.89653831194089	95.95488136911707	96.03267211201867	96.05211979774407	96.18825359782186
POS	n2,literature,online	POS	reddit	95.56832170701682	95.588838736151	95.62987279441937	95.62987279441937	95.65038982355355
POS	n2,literature,online	POS	wikihow	96.00081615996736	96.02122015915118	96.10283615588655	96.14364415425423	96.14364415425423
POS	n3,biography,literature,online	POS	general	96.53755868544602	96.71361502347418	96.71361502347418	96.86032863849765	96.88967136150235
POS	n3,fiction,general,online	POS	literature	97.45247391666133	97.47167637457595	97.47167637457595	97.52928374831978	97.58049030275875
POS	n3,general,interview,literature	POS	online	96.96485623003196	96.98083067092652	97.00079872204472	97.04472843450479	97.05670926517573
POS	n3,general,literature,online	POS	academic	96.25585023400937	96.25585023400937	96.25585023400937	96.25585023400937	96.30785231409257
POS	n3,general,literature,online	POS	biography	96.4891975308642	96.50848765432097	96.52777777777779	96.54706790123457	96.58564814814815
POS	n3,general,literature,online	POS	fiction	96.61393283374964	96.61393283374964	96.69719678046073	96.72495142936441	96.75270607826812
POS	n3,general,literature,online	POS	interview	95.99377674056787	96.05211979774407	96.07156748346945	96.07156748346945	96.12991054064565
POS	n3,general,literature,online	POS	news	97.0912738214644	97.15145436308926	97.21163490471415	97.23169508525577	97.27181544633902
POS	n3,general,literature,online	POS	reddit	95.4862535904801	95.50677061961427	95.54780467788264	95.56832170701682	95.60935576528519
POS	n3,general,literature,online	POS	voyage	94.44003177124702	94.4929838496161	94.51945988880064	94.54593592798517	94.7047921630924
POS	n3,general,literature,online	POS	wikihow	95.73556417057742	95.83758416649664	95.85798816568047	95.87839216486431	95.91920016323199
POS	n3,n2,literature,online	POS	general	96.83098591549296	96.86032863849765	96.86032863849765	96.88967136150235	97.00704225352112
POS	n5,fiction,interview,literature,news,voyage	POS	biography	96.91358024691358	97.02932098765432	97.04861111111111	97.12577160493827	97.14506172839506
POS	n5,fiction,interview,online,reddit,voyage	POS	wikihow	95.77637216894512	95.8171801673128	95.85798816568047	95.89879616404815	95.98041216078352
POS	n6,biography,fiction,interview,news,online,wikihow	POS	voyage	95.10193275086047	95.128408790045	95.15488482922954	95.26078898596771	95.39316918189039
POS	n6,biography,fiction,news,online,reddit,voyage	POS	interview	96.34383508362505	96.40217814080124	96.42162582652665	96.44107351225205	96.47996888370284
POS	n6,biography,interview,online,reddit,voyage,wikihow	POS	fiction	97.14127116291978	97.22453510963086	97.22453510963086	97.25228975853454	97.33555370524563
POS	n7,biography,fiction,interview,news,online,reddit,voyage	POS	wikihow	95.67435217302591	95.73556417057742	95.73556417057742	95.75596816976127	95.77637216894512
POS	n7,biography,fiction,interview,news,online,reddit,wikihow	POS	voyage	95.23431294678316	95.28726502515224	95.28726502515224	95.31374106433678	95.34021710352133
POS	n7,biography,fiction,interview,news,online,voyage,wikihow	POS	reddit	95.99917931883463	96.06073040623717	96.1427985227739	96.20434961017644	96.24538366844482
POS	n7,biography,fiction,interview,online,reddit,voyage,wikihow	POS	news	97.07121364092276	97.23169508525577	97.29187562688064	97.31193580742227	97.35205616850551
POS	n7,biography,fiction,news,online,reddit,voyage,wikihow	POS	interview	96.55775962660444	96.61610268378062	96.71334111240762	96.71334111240762	96.73278879813302
POS	n7,biography,interview,news,online,reddit,voyage,wikihow	POS	academic	96.72386895475819	96.74986999479978	96.74986999479978	96.74986999479978	96.801872074883
POS	n7,biography,interview,news,online,reddit,voyage,wikihow	POS	fiction	97.05800721620872	97.1135165140161	97.16902581182349	97.16902581182349	97.19678046072717
POS	n8,academic,biography,fiction,interview,news,online,voyage,wikihow	POS	reddit	95.95814526056627	96.040213377103	96.06073040623717	96.06073040623717	96.22486663931062
POS	n8,academic,biography,fiction,interview,online,reddit,voyage,wikihow	POS	news	97.19157472417251	97.21163490471415	97.21163490471415	97.25175526579739	97.25175526579739
POS	n8,biography,fiction,interview,news,online,reddit,voyage,wikihow	POS	academic	96.51586063442538	96.64586583463338	96.64586583463338	96.67186687467499	96.6978679147166
TIME	ace,aquaint,broadcast,clinical,discussion,general,historical,newswire,online,pubmed,sms,telephony,usenet	TIME	wiki	88.18365968939905	88.33780160857908	88.91910265125766	89.87083616587356	90.02732240437157
TIME	ace,aquaint,broadcast,clinical,discussion,general,historical,newswire,online,pubmed,sms,telephony,usenet,wiki	NER	clinical	83.23482866647288	83.44614224916374	83.79944729569681	84.17517972001514	84.33323315881877
TIME	ace,aquaint,broadcast,clinical,discussion,general,historical,newswire,online,pubmed,sms,telephony,usenet,wiki	NER	financial	79.41176470588235	79.84674329501915	80.62992125984252	81.46989835809225	82.19607843137254
TIME	ace,aquaint,broadcast,clinical,discussion,general,historical,newswire,online,pubmed,sms,telephony,usenet,wiki	NER	gum	58.588801621484656	58.70703973425323	59.18393615651949	59.73597359735974	60.00127040589468
TIME	ace,aquaint,broadcast,clinical,discussion,general,historical,newswire,online,pubmed,sms,telephony,usenet,wiki	NER	literature	68.37507280139778	68.94580107206671	69.55503512880561	69.95758718190386	70.30260380014074
TIME	ace,aquaint,broadcast,clinical,discussion,general,historical,newswire,online,pubmed,sms,telephony,usenet,wiki	NER	materials	74.22746097483275	75.08839601414337	76.16868257600522	76.46505797555625	76.86375321336762
TIME	ace,aquaint,broadcast,clinical,discussion,general,historical,newswire,online,pubmed,sms,telephony,usenet,wiki	NER	news	90.06145741878841	90.61346458076991	90.70691024622715	90.86120621543323	91.00491918482079
TIME	ace,aquaint,broadcast,clinical,discussion,general,historical,newswire,online,pubmed,sms,telephony,usenet,wiki	NER	privacy	93.48153396510494	94.07589168346333	94.13636162785559	94.1967227518341	94.24047023731192
TIME	ace,aquaint,broadcast,clinical,discussion,general,historical,newswire,online,pubmed,sms,telephony,usenet,wiki	NER	social	42.43059193294919	42.857142857142854	43.16831683168317	43.39522546419097	44.260485651214125
TIME	ace,aquaint,broadcast,clinical,discussion,general,historical,newswire,online,pubmed,sms,telephony,usenet,wiki	NER	twitter	42.84495021337127	43.93113342898135	44.1025641025641	44.17716145464836	44.61693258588472
TIME	ace,aquaint,broadcast,clinical,discussion,general,historical,newswire,online,pubmed,sms,telephony,usenet,wiki	NER	wetlab	79.24233313289236	79.31468280117414	79.32486912569951	79.4657264088926	79.71632910631648
TIME	ace,aquaint,broadcast,clinical,discussion,general,historical,newswire,online,pubmed,sms,telephony,wiki	TIME	usenet	73.88781431334623	74.40944881889763	74.45544554455445	74.95069033530571	75.19685039370077
TIME	ace,aquaint,broadcast,clinical,discussion,general,historical,newswire,online,pubmed,sms,usenet,wiki	TIME	telephony	58.044164037854884	59.34718100890207	62.71186440677965	64.72303206997086	65.34090909090908
TIME	ace,aquaint,broadcast,clinical,discussion,general,historical,newswire,online,pubmed,sms,wiki	TIME	usenet	82.08219178082192	83.17046688382193	83.82513661202185	83.87096774193549	84.494867639114
TIME	ace,aquaint,broadcast,clinical,discussion,general,historical,newswire,online,pubmed,telephony,usenet,wiki	TIME	sms	55.78947368421052	61.403508771929815	61.702127659574465	62.499999999999986	66.31578947368422
TIME	ace,aquaint,broadcast,clinical,discussion,general,historical,newswire,online,pubmed,telephony,wiki	TIME	usenet	69.52965235173824	72.69155206286835	73.45309381237526	73.70517928286853	74.50199203187252
TIME	ace,aquaint,broadcast,clinical,discussion,general,historical,newswire,online,sms,telephony,usenet,wiki	TIME	pubmed	55.021834061135365	56.38766519823788	56.65236051502146	57.3913043478261	57.5107296137339
TIME	ace,aquaint,broadcast,clinical,discussion,general,historical,newswire,pubmed,sms,telephony,usenet,wiki	TIME	online	71.42857142857143	72.50437828371278	72.82229965156795	72.94938917975567	73.85159010600707
TIME	ace,aquaint,broadcast,clinical,discussion,general,historical,newswire,pubmed,telephony,usenet,wiki	TIME	sms	62.88659793814433	62.88659793814433	63.387978142076506	64.28571428571429	66.66666666666666
TIME	ace,aquaint,broadcast,clinical,discussion,general,historical,online,pubmed,sms,telephony,usenet,wiki	TIME	newswire	82.13333333333333	82.43064729194187	83.0238726790451	83.33333333333333	83.6842105263158
TIME	ace,aquaint,broadcast,clinical,discussion,general,newswire,online,pubmed,sms,telephony,usenet,wiki	TIME	historical	84.94623655913978	85.71428571428572	85.8695652173913	86.81318681318682	87.29281767955801
TIME	ace,aquaint,broadcast,clinical,discussion,general,newswire,online,pubmed,sms,usenet,wiki	TIME	historical	87.91208791208791	88.39779005524862	88.39779005524862	88.8888888888889	90.0
TIME	ace,aquaint,broadcast,clinical,discussion,general,newswire,online,pubmed,telephony,usenet,wiki	TIME	historical	92.69406392694063	92.77389277389277	92.8735632183908	92.90617848970251	93.9814814814815
TIME	ace,aquaint,broadcast,clinical,discussion,general,newswire,online,pubmed,telephony,wiki	TIME	sms	59.70149253731343	61.27167630057805	61.92893401015229	63.26530612244898	64.51612903225806
TIME	ace,aquaint,broadcast,clinical,discussion,general,newswire,online,sms,usenet,wiki	TIME	telephony	62.2093023255814	62.56983240223464	62.90801186943621	63.15789473684211	65.6891495601173
TIME	ace,aquaint,broadcast,clinical,discussion,general,newswire,pubmed,sms,telephony,usenet,wiki	TIME	online	68.630849220104	69.01408450704226	70.15706806282722	70.69271758436943	71.17437722419928
TIME	ace,aquaint,broadcast,clinical,discussion,historical,newswire,online,pubmed,sms,telephony,usenet,wiki	TIME	general	78.74564459930315	80.56537102473497	81.2720848056537	82.31046931407943	83.57142857142857
TIME	ace,aquaint,broadcast,clinical,discussion,historical,newswire,online,pubmed,telephony,wiki	TIME	sms	59.48717948717949	60.204081632653065	61.53846153846154	65.98984771573603	71.79487179487181
TIME	ace,aquaint,broadcast,clinical,discussion,online,pubmed,sms,usenet,wiki	TIME	historical	85.26315789473684	85.26315789473684	85.56149732620322	86.15384615384616	86.17021276595744
TIME	ace,aquaint,broadcast,clinical,discussion,online,sms,usenet,wiki	TIME	telephony	57.636887608069166	59.65909090909091	60.74498567335244	62.536873156342175	63.74999999999999
TIME	ace,aquaint,broadcast,clinical,general,historical,newswire,online,pubmed,sms,telephony,usenet,wiki	TIME	discussion	70.7865168539326	72.67605633802816	73.04347826086955	75.65982404692082	75.88235294117648
TIME	ace,aquaint,broadcast,clinical,historical,newswire,pubmed,sms,telephony,usenet,wiki	TIME	general	75.0	79.44250871080139	80.8362369337979	81.13879003558719	81.53310104529616
TIME	ace,aquaint,broadcast,discussion,general,historical,newswire,online,pubmed,sms,telephony,usenet	TIME	wiki	88.39550029603315	89.18527109307047	89.39573459715639	89.67761017450458	90.3244837758112
TIME	ace,aquaint,broadcast,discussion,general,historical,newswire,online,pubmed,sms,telephony,usenet,wiki	TIME	clinical	73.57237715803453	73.65576871115914	73.96307198287396	74.23066630987422	74.46695095948827
TIME	ace,aquaint,broadcast,discussion,general,historical,newswire,online,pubmed,sms,telephony,wiki	TIME	usenet	82.97040759352318	84.26229508196721	84.46389496717724	84.76605005440699	85.03511615343058
TIME	ace,aquaint,broadcast,discussion,general,historical,newswire,pubmed,sms,telephony,usenet,wiki	TIME	online	80.09535160905841	81.16293155663234	81.26906650396583	81.66969147005445	82.78787878787878
TIME	ace,aquaint,broadcast,discussion,general,historical,online,pubmed,sms,telephony,usenet,wiki	TIME	newswire	77.46797287113793	78.13884785819792	78.66666666666666	79.19161676646706	79.37219730941705
TIME	ace,aquaint,broadcast,discussion,historical,newswire,online,pubmed,sms,telephony,usenet,wiki	TIME	clinical	72.55789193505457	73.19034852546916	73.35805084745762	73.90263367917	74.92688114863068
TIME	ace,aquaint,broadcast,discussion,historical,newswire,online,pubmed,sms,telephony,usenet,wiki	TIME	general	76.92307692307693	78.20773930753563	78.58627858627858	78.61507128309572	79.33194154488518
TIME	ace,aquaint,broadcast,discussion,historical,newswire,pubmed,sms,telephony,usenet,wiki	TIME	general	78.85304659498209	79.13669064748201	79.71014492753622	79.71014492753622	81.42857142857144
TIME	ace,aquaint,broadcast,discussion,historical,online,pubmed,sms,telephony,usenet,wiki	TIME	newswire	81.5006468305304	81.52031454783749	82.93963254593176	82.98429319371728	83.6842105263158
TIME	ace,aquaint,broadcast,discussion,historical,pubmed,sms,telephony,usenet,wiki	TIME	clinical	73.08096740273396	73.2620320855615	73.68986831496909	74.84596839003483	74.94623655913979
TIME	ace,aquaint,broadcast,discussion,newswire,online,pubmed,sms,telephony,usenet,wiki	TIME	historical	85.4054054054054	85.41666666666666	87.23404255319149	87.56756756756756	89.24731182795699
TIME	ace,aquaint,broadcast,historical,newswire,online,pubmed,sms,telephony,usenet,wiki	TIME	general	75.61837455830388	78.20069204152249	79.13669064748201	80.1418439716312	80.29197080291969
TIME	ace,aquaint,clinical,discussion,general,historical,newswire,online,pubmed,sms,telephony,usenet,wiki	TIME	broadcast	68.18727490996397	68.35748792270532	69.33019976498238	70.25703794369646	70.91346153846153
TIME	ace,aquaint,clinical,discussion,general,historical,newswire,online,pubmed,telephony,wiki	TIME	usenet	62.59541984732824	70.29126213592234	73.74749498997996	73.76725838264299	74.70355731225297
TIME	ace,aquaint,clinical,discussion,general,historical,newswire,online,sms,telephony,usenet,wiki	TIME	pubmed	43.36283185840708	44.44444444444444	46.586345381526115	49.579831932773104	52.54237288135594
TIME	ace,aquaint,clinical,discussion,general,historical,newswire,online,sms,usenet,wiki	TIME	pubmed	54.46808510638297	55.46218487394958	57.3913043478261	58.51528384279475	59.74025974025974
TIME	ace,aquaint,clinical,discussion,general,newswire,online,telephony,usenet,wiki	TIME	broadcast	77.81380268642889	78.55769230769232	79.2653455775737	80.34682080924856	81.11753371868978
TIME	ace,aquaint,discussion,general,historical,newswire,online,pubmed,sms,telephony,usenet,wiki	TIME	broadcast	80.01889466225792	80.20982355746304	80.30592734225623	80.37383177570094	81.11954459203037
TIME	ace,aquaint,discussion,general,historical,newswire,online,sms,telephony,usenet,wiki	TIME	pubmed	50.4	54.400000000000006	54.61847389558234	55.99999999999999	56.91056910569105
TIME	ace,broadcast,clinical,discussion,general,historical,newswire,online,pubmed,sms,telephony,usenet,wiki	TIME	aquaint	72.61538461538461	74.07407407407408	74.84662576687117	76.16099071207431	77.63975155279503
TIME	ace,broadcast,clinical,discussion,general,newswire,online,pubmed,wiki	TIME	usenet	78.18480043739748	82.33369683751363	82.46187363834423	83.5249042145594	84.87486398258977
TIME	ace,broadcast,clinical,discussion,general,online,pubmed,sms,telephony,usenet,wiki	TIME	newswire	83.0238726790451	83.2	83.46666666666667	83.87096774193549	84.80845442536328
TIME	ace,broadcast,clinical,discussion,general,pubmed,telephony,usenet,wiki	TIME	newswire	81.41361256544502	82.36842105263158	82.63157894736841	82.83093053735257	83.00395256916997
TIME	ace,broadcast,clinical,general,historical,newswire,online,pubmed,sms,telephony,usenet,wiki	TIME	discussion	73.50427350427351	74.05247813411079	74.43181818181817	76.0	77.14285714285715
TIME	ace,broadcast,clinical,general,historical,newswire,online,sms,telephony,usenet,wiki	TIME	aquaint	73.93939393939394	74.1641337386018	74.69135802469135	75.07692307692308	75.84097859327215
TIME	ace,broadcast,clinical,general,newswire,online,pubmed,usenet	TIME	wiki	88.33235120801415	88.38995568685378	88.61135890573892	89.35790725326991	89.84816909794581
TIME	ace,broadcast,clinical,pubmed,telephony,wiki	TIME	general	80.0	81.00358422939068	81.00358422939068	81.97879858657244	84.89208633093524
TIME	ace,broadcast,discussion,general,newswire,online,pubmed,usenet,wiki	TIME	clinical	77.48301935153145	79.12493410648392	79.13322632423755	79.42505133470227	79.71093536951187
TIME	ace,broadcast,discussion,online,pubmed,sms,telephony,wiki	TIME	clinical	72.54540668596998	73.11712677566337	73.8222698072805	74.90596453519613	76.30586968228326
TIME	ace,broadcast,general,online,pubmed,sms,telephony,usenet,wiki	TIME	discussion	75.00000000000001	75.28735632183907	75.42857142857143	76.30057803468209	77.93696275071633
TIME	ace,broadcast,general,online,pubmed,telephony,usenet,wiki	TIME	discussion	70.41420118343197	72.04610951008645	72.62247838616715	72.8862973760933	73.98843930635839
TIME	ace,clinical,discussion,general,newswire,online,wiki	TIME	broadcast	66.12339930151339	68.61826697892272	70.50183598531213	72.57072570725708	72.96969696969697
TIME	ace,clinical,general,historical,newswire,online,pubmed,wiki	TIME	usenet	68.92655367231639	69.3798449612403	71.0843373493976	71.28712871287128	72.65469061876247
TIME	ace,clinical,general,online,pubmed,sms,usenet	TIME	wiki	87.39946380697052	88.66396761133602	88.8283378746594	89.11426639621367	89.51994590939825
TIME	ace,clinical,general,online,pubmed,sms,wiki	TIME	usenet	72.97830374753451	73.44398340248962	73.70517928286853	76.43564356435644	76.55310621242484
TIME	ace,clinical,general,online,pubmed,usenet,wiki	TIME	sms	62.82722513089005	66.32124352331606	68.31683168316832	68.75000000000001	68.75000000000001
TIME	ace,clinical,general,online,sms,usenet,wiki	TIME	pubmed	53.44827586206896	54.54545454545454	56.89655172413792	57.26495726495726	57.38396624472575
TIME	ace,clinical,general,pubmed,sms,usenet,wiki	TIME	online	69.86301369863014	69.91304347826086	70.38327526132404	70.75306479859896	72.11367673179396
TIME	ace,clinical,historical,newswire,online,pubmed,sms,telephony,wiki	TIME	usenet	68.47195357833655	68.72586872586874	70.81712062256808	72.40704500978474	73.43749999999999
TIME	ace,clinical,online,pubmed,sms,usenet	TIME	wiki	87.78523489932887	88.66396761133602	88.82907133243607	89.04016337644657	89.53409858203915
TIME	ace,clinical,online,pubmed,sms,usenet,wiki	NER	clinical	83.28932360431868	83.92968139872178	83.99419189098626	84.02716080720903	84.03975815896933
TIME	ace,clinical,online,pubmed,sms,usenet,wiki	NER	financial	79.44142746314972	80.09084027252081	80.70444104134762	80.95238095238095	82.18298555377207
TIME	ace,clinical,online,pubmed,sms,usenet,wiki	NER	gum	58.14789131942255	58.79576476591401	59.225163022631364	59.94469809015497	60.6408783352483
TIME	ace,clinical,online,pubmed,sms,usenet,wiki	NER	literature	69.61817755914733	69.62416745956232	69.79241231209735	70.621941029008	70.63303188957639
TIME	ace,clinical,online,pubmed,sms,usenet,wiki	NER	materials	75.10971786833856	76.4555342290467	76.48562300319487	76.7924528301887	77.33164717040785
TIME	ace,clinical,online,pubmed,sms,usenet,wiki	NER	news	90.30350465257848	90.33841837629318	90.40541728959633	90.62527405068842	90.68640408846595
TIME	ace,clinical,online,pubmed,sms,usenet,wiki	NER	privacy	94.11146161934805	94.43320728168148	94.65360453367308	94.65822231928368	94.69773134589326
TIME	ace,clinical,online,pubmed,sms,usenet,wiki	NER	social	42.58426966292135	43.32977588046958	43.46310284718187	43.60400444938821	43.6612309310889
TIME	ace,clinical,online,pubmed,sms,usenet,wiki	NER	twitter	42.488399071925755	42.60096223939349	43.42373869932925	43.622869708631114	45.114492959749676
TIME	ace,clinical,online,pubmed,sms,usenet,wiki	NER	wetlab	79.0807766059444	79.2332268370607	79.30951953569078	79.40411020371533	79.46845444750387
TIME	ace,clinical,online,pubmed,sms,usenet,wiki	TIME	aquaint	77.1604938271605	77.53846153846155	77.74294670846396	78.04878048780488	78.2608695652174
TIME	ace,clinical,online,pubmed,sms,usenet,wiki	TIME	broadcast	68.99128268991282	69.2588092345079	70.06060606060606	71.7948717948718	72.85714285714285
TIME	ace,clinical,online,pubmed,sms,usenet,wiki	TIME	discussion	71.30919220055712	71.5909090909091	73.38935574229691	73.44632768361582	73.6543909348442
TIME	ace,clinical,online,pubmed,sms,usenet,wiki	TIME	general	80.56537102473497	80.71428571428572	82.35294117647058	82.73381294964028	82.97872340425533
TIME	ace,clinical,online,pubmed,sms,usenet,wiki	TIME	historical	91.20879120879121	91.71270718232044	91.71270718232044	92.3076923076923	92.3076923076923
TIME	ace,clinical,online,pubmed,sms,usenet,wiki	TIME	newswire	80.31088082901555	81.19325551232166	81.74807197943446	82.18465539661898	82.78580814717475
TIME	ace,clinical,online,pubmed,sms,usenet,wiki	TIME	telephony	62.92134831460675	64.32748538011695	64.53488372093022	65.2439024390244	65.49707602339181
TIME	ace,clinical,online,pubmed,sms,wiki	TIME	usenet	73.15175097276264	73.51778656126481	74.01574803149606	74.46393762183236	75.48638132295719
TIME	ace,clinical,online,pubmed,usenet,wiki	TIME	sms	56.08465608465608	57.89473684210525	60.09852216748769	66.66666666666666	69.79166666666666
TIME	ace,clinical,online,sms,usenet,wiki	TIME	pubmed	55.87044534412955	56.30252100840336	56.779661016949156	57.26141078838174	57.98319327731092
TIME	ace,clinical,pubmed,sms,usenet	TIME	wiki	88.59060402684564	88.76860622462786	88.81401617250674	88.93387314439946	89.08474576271188
TIME	ace,clinical,pubmed,sms,usenet,wiki	NER	clinical	82.32218712558544	83.36432691398493	83.59705671680666	83.96059050877525	84.00628262283638
TIME	ace,clinical,pubmed,sms,usenet,wiki	NER	financial	80.06182380216383	80.28731045490822	80.31372549019608	80.5993690851735	82.09191759112521
TIME	ace,clinical,pubmed,sms,usenet,wiki	NER	gum	58.3244026981025	58.65098931664454	59.35293362434202	59.58288156132405	60.05056890012642
TIME	ace,clinical,pubmed,sms,usenet,wiki	NER	literature	69.37637905005225	69.52740588167983	69.63640741632555	69.74272255103274	70.47753469771818
TIME	ace,clinical,pubmed,sms,usenet,wiki	NER	materials	75.18506598004505	75.23349436392914	75.48155403199476	75.59004203039119	75.94775406180312
TIME	ace,clinical,pubmed,sms,usenet,wiki	NER	news	90.51912807493653	90.55477528089887	90.5686912191263	90.6615127822191	90.95688748685595
TIME	ace,clinical,pubmed,sms,usenet,wiki	NER	privacy	93.74616799509504	94.00414115159258	94.10378387814777	94.3013339164662	94.53121562761231
TIME	ace,clinical,pubmed,sms,usenet,wiki	NER	social	40.711009174311926	41.551540913921365	41.92634560906516	42.248908296943235	42.840646651270205
TIME	ace,clinical,pubmed,sms,usenet,wiki	NER	twitter	40.625931445603584	42.97591743119266	43.705332600329854	43.79833858493269	45.46129846976675
TIME	ace,clinical,pubmed,sms,usenet,wiki	NER	wetlab	79.26770995102139	79.29285349821413	79.41530317613088	79.68394588770501	79.98430141287285
TIME	ace,clinical,pubmed,sms,usenet,wiki	TIME	aquaint	77.01863354037268	77.25856697819314	77.25856697819314	77.88161993769471	78.2608695652174
TIME	ace,clinical,pubmed,sms,usenet,wiki	TIME	broadcast	68.97374701670644	70.32967032967032	71.83271832718326	72.22914072229139	73.30873308733086
TIME	ace,clinical,pubmed,sms,usenet,wiki	TIME	discussion	65.54621848739497	69.31818181818183	69.85915492957746	71.34831460674157	71.42857142857143
TIME	ace,clinical,pubmed,sms,usenet,wiki	TIME	general	81.00358422939068	81.29496402877699	81.56028368794325	81.85053380782918	83.03249097472926
TIME	ace,clinical,pubmed,sms,usenet,wiki	TIME	historical	84.44444444444446	84.61538461538461	85.71428571428572	86.81318681318682	87.77777777777779
TIME	ace,clinical,pubmed,sms,usenet,wiki	TIME	newswire	81.52031454783749	81.77083333333334	82.63157894736841	82.98429319371728	83.13725490196077
TIME	ace,clinical,pubmed,sms,usenet,wiki	TIME	online	69.2967409948542	71.05719237435008	71.75043327556325	71.9298245614035	72.06896551724138
TIME	ace,clinical,pubmed,sms,usenet,wiki	TIME	telephony	54.11764705882353	58.04597701149425	60.895522388059696	61.53846153846154	64.92753623188406
TIME	ace,clinical,pubmed,sms,wiki	TIME	usenet	70.25948103792416	71.88755020080322	72.2554890219561	73.64185110663985	73.68421052631578
TIME	ace,clinical,pubmed,usenet,wiki	TIME	sms	58.37837837837838	60.0	60.51282051282051	61.11111111111111	62.82722513089005
TIME	ace,clinical,sms,usenet,wiki	TIME	pubmed	51.91489361702127	54.77178423236515	56.06694560669456	57.627118644067785	58.43621399176955
TIME	ace,discussion,general,newswire,sms,telephony,usenet,wiki	TIME	broadcast	67.45005875440657	68.50299401197604	70.0352526439483	70.6896551724138	71.98067632850241
TIME	ace,general,online,pubmed,sms,usenet,wiki	TIME	clinical	73.6813922356091	73.79565907887772	73.86026436471539	73.86574688246218	73.92120075046904
TIME	ace,online,pubmed,sms,usenet,wiki	TIME	clinical	73.19422150882825	73.4445326979084	73.5126324368378	73.79201680672269	75.0066260270342
TIME	ace,pubmed	TIME	wiki	89.31245745405037	89.35309973045823	89.87083616587356	89.88458927359132	89.97955010224949
TIME	ace,pubmed,sms,usenet	TIME	wiki	88.7381275440977	89.27848954821307	89.40217391304348	89.74881194840462	89.857045609258
TIME	ace,pubmed,sms,usenet,wiki	NER	clinical	81.8814306712396	83.14385041811519	83.5596821150366	83.89990557129366	84.13166999968257
TIME	ace,pubmed,sms,usenet,wiki	NER	financial	80.24786986831913	80.52959501557632	81.00470957613817	82.3529411764706	82.72
TIME	ace,pubmed,sms,usenet,wiki	NER	gum	58.63722397476341	59.24470916233684	59.94155761656715	60.09038089089736	60.38823755525657
TIME	ace,pubmed,sms,usenet,wiki	NER	literature	66.86567164179105	69.10776361529547	69.19486581096848	70.28578261389454	70.80481472740146
TIME	ace,pubmed,sms,usenet,wiki	NER	materials	75.008	75.15229240141072	75.85526315789474	76.37063161269639	76.99711260827719
TIME	ace,pubmed,sms,usenet,wiki	NER	news	90.08692598120994	90.26842703506165	90.31014543543017	90.91868131868132	91.05161176677822
TIME	ace,pubmed,sms,usenet,wiki	NER	privacy	93.92293992441684	94.34876448046514	94.50607039916152	94.53671328671328	94.77382520860782
TIME	ace,pubmed,sms,usenet,wiki	NER	social	39.05013192612138	41.97247706422018	42.535545023696685	42.80363830925629	44.97657470067673
TIME	ace,pubmed,sms,usenet,wiki	NER	twitter	40.22085889570553	41.64970831637498	42.12910532276331	43.94244604316547	44.0077996100195
TIME	ace,pubmed,sms,usenet,wiki	NER	wetlab	79.05572986702526	79.46113865822332	79.63507592581477	79.77897252090801	80.00361925443359
TIME	ace,pubmed,sms,usenet,wiki	TIME	aquaint	74.68354430379746	75.31645569620254	75.70977917981074	76.1006289308176	76.875
TIME	ace,pubmed,sms,usenet,wiki	TIME	broadcast	68.37806301050176	68.74251497005989	70.30878859857481	70.46004842615012	70.88305489260145
TIME	ace,pubmed,sms,usenet,wiki	TIME	clinical	72.10956017908876	72.7668845315904	72.7741935483871	73.87529597474348	74.70334412081985
TIME	ace,pubmed,sms,usenet,wiki	TIME	discussion	72.47191011235955	72.52124645892351	72.98850574712644	73.86363636363636	74.43181818181817
TIME	ace,pubmed,sms,usenet,wiki	TIME	general	74.48275862068965	78.59649122807018	79.15194346289752	79.85865724381627	81.2720848056537
TIME	ace,pubmed,sms,usenet,wiki	TIME	historical	84.74576271186439	85.39325842696628	85.87570621468926	86.1878453038674	88.52459016393443
TIME	ace,pubmed,sms,usenet,wiki	TIME	newswire	81.30718954248367	82.32189973614777	82.79430789133248	83.0967741935484	83.98950131233596
TIME	ace,pubmed,sms,usenet,wiki	TIME	online	70.06802721088435	71.9022687609075	72.88428324697753	73.04347826086955	73.59454855195912
TIME	ace,pubmed,sms,usenet,wiki	TIME	telephony	61.27167630057803	61.875	61.97183098591549	62.01117318435754	63.976945244956774
TIME	ace,pubmed,sms,wiki	TIME	usenet	74.2393509127789	75.19999999999999	75.25150905432596	75.49407114624506	76.09561752988047
TIME	ace,pubmed,usenet	TIME	wiki	87.60884125920964	88.45374746792707	89.40217391304348	89.67391304347827	90.19607843137256
TIME	ace,pubmed,usenet,wiki	NER	clinical	83.33490314275848	83.44735393567666	83.68867924528301	84.13927737062757	84.58298230834035
TIME	ace,pubmed,usenet,wiki	NER	financial	79.02364607170101	80.2762854950115	80.49344641480339	81.95429472025216	82.82988871224165
TIME	ace,pubmed,usenet,wiki	NER	gum	59.15026434804764	59.21319796954315	59.446326961191744	59.67752296524701	59.82016698779705
TIME	ace,pubmed,usenet,wiki	NER	literature	68.08510638297871	68.447104869345	69.44378698224853	69.57659372026642	70.68592057761734
TIME	ace,pubmed,usenet,wiki	NER	materials	75.19893899204246	76.1780955476113	76.85335059889931	77.64554519137985	77.75206611570246
TIME	ace,pubmed,usenet,wiki	NER	news	89.50276243093921	90.33054208902601	90.35720570121416	90.53056921995784	90.55180278971841
TIME	ace,pubmed,usenet,wiki	NER	privacy	93.67473807764203	93.95255010305662	94.09150326797385	94.09543878133368	94.44711433439643
TIME	ace,pubmed,usenet,wiki	NER	social	42.9228998849252	43.31281477336318	43.86065105653912	44.08602150537634	45.11122607346094
TIME	ace,pubmed,usenet,wiki	NER	twitter	42.40282685512368	43.44179320318149	44.04040404040404	44.960116026105865	45.193401592719
TIME	ace,pubmed,usenet,wiki	NER	wetlab	79.09881375683509	79.33393339333932	79.36877970052902	79.53486974550043	79.8036633544834
TIME	ace,pubmed,usenet,wiki	TIME	aquaint	75.92592592592592	76.68711656441718	77.30061349693251	77.35849056603773	79.75460122699386
TIME	ace,pubmed,usenet,wiki	TIME	broadcast	68.66028708133972	69.32367149758456	70.27027027027026	70.27677496991576	70.91346153846153
TIME	ace,pubmed,usenet,wiki	TIME	clinical	72.68805607980589	73.76609442060087	74.31408413901228	74.38148443735037	74.48951810509121
TIME	ace,pubmed,usenet,wiki	TIME	discussion	72.88135593220339	73.2394366197183	73.77521613832853	74.28571428571429	74.48680351906158
TIME	ace,pubmed,usenet,wiki	TIME	general	76.92307692307693	79.7153024911032	79.7153024911032	80.28169014084507	81.2720848056537
TIME	ace,pubmed,usenet,wiki	TIME	historical	88.52459016393443	89.01098901098902	89.13043478260869	89.50276243093921	90.21739130434783
TIME	ace,pubmed,usenet,wiki	TIME	newswire	81.79419525065963	82.24543080939947	82.44473342002601	82.59740259740259	83.1812255541069
TIME	ace,pubmed,usenet,wiki	TIME	online	70.3448275862069	71.86440677966102	72.25130890052355	72.72727272727273	73.68421052631578
TIME	ace,pubmed,usenet,wiki	TIME	sms	65.3061224489796	65.98984771573603	66.32124352331606	68.42105263157895	69.0
TIME	ace,pubmed,usenet,wiki	TIME	telephony	58.45272206303724	60.58823529411765	60.86956521739131	62.65060240963856	63.52941176470588
TIME	ace,pubmed,wiki	NER	clinical	83.37353196185072	83.47317569285534	84.13089373680506	84.2226718088133	84.28130052667808
TIME	ace,pubmed,wiki	NER	financial	78.4167289021658	78.54376452362509	80.3112840466926	80.46332046332047	80.52550231839257
TIME	ace,pubmed,wiki	NER	gum	58.616336321171566	59.71383147853736	59.87374864502966	59.91116751269037	60.60029189669396
TIME	ace,pubmed,wiki	NER	literature	68.3493777882132	69.20310868808723	70.10647010647011	70.71889180797707	71.10746897682041
TIME	ace,pubmed,wiki	NER	materials	76.82034976152624	77.34375	77.71986970684038	77.80979827089338	77.91869918699187
TIME	ace,pubmed,wiki	NER	news	89.79878745277217	90.35141530102534	90.51210101718695	90.6445639714311	91.0449072853502
TIME	ace,pubmed,wiki	NER	privacy	93.39002366967652	94.0928640393224	94.20384665707184	94.3845917066092	94.56231681175905
TIME	ace,pubmed,wiki	NER	social	41.72813487881981	43.46473029045644	43.69093941078376	43.80648591174907	45.921123716909776
TIME	ace,pubmed,wiki	NER	twitter	42.62016163334751	43.726708074534166	45.28526739162818	45.73792288373467	47.13120618114179
TIME	ace,pubmed,wiki	NER	wetlab	79.0136756740581	79.38070091214595	79.51547133605182	79.53902504392364	79.60411527585585
TIME	ace,pubmed,wiki	TIME	aquaint	75.54179566563467	76.875	77.25856697819314	77.49999999999999	77.88161993769471
TIME	ace,pubmed,wiki	TIME	broadcast	69.78417266187051	69.91676575505352	70.21791767554481	70.90694935217903	71.29411764705883
TIME	ace,pubmed,wiki	TIME	clinical	73.60634081902245	73.82934443288241	73.95185285366513	74.03404485274251	75.08678237650199
TIME	ace,pubmed,wiki	TIME	discussion	70.75208913649024	71.54929577464789	72.02216066481995	72.15909090909092	72.72727272727273
TIME	ace,pubmed,wiki	TIME	general	76.2589928057554	77.30496453900709	80.0	81.00358422939068	81.72043010752688
TIME	ace,pubmed,wiki	TIME	historical	86.81318681318682	89.26553672316385	89.50276243093921	89.50276243093921	90.0
TIME	ace,pubmed,wiki	TIME	newswire	81.7948717948718	82.53557567917206	83.37662337662337	83.3986928104575	83.72703412073491
TIME	ace,pubmed,wiki	TIME	online	71.80385288966725	72.06611570247935	72.63157894736842	74.39446366782006	74.51669595782073
TIME	ace,pubmed,wiki	TIME	sms	62.56410256410256	66.66666666666666	67.01030927835052	68.62745098039215	68.71794871794872
TIME	ace,pubmed,wiki	TIME	telephony	56.811594202898554	60.67415730337079	62.02898550724636	62.99694189602446	63.06818181818182
TIME	ace,pubmed,wiki	TIME	usenet	71.9056974459725	72.265625	73.50096711798841	73.88781431334623	75.79365079365078
TIME	ace,sms,usenet,wiki	TIME	pubmed	46.721311475409834	47.69874476987448	48.78048780487804	49.795918367346935	51.028806584362144
TIME	ace,usenet,wiki	TIME	pubmed	62.2568093385214	62.4	63.24110671936759	63.24110671936759	63.4920634920635
TIME	ace,wiki	TIME	pubmed	56.09756097560975	56.79012345679012	57.98319327731092	58.67768595041324	59.01639344262296
TIME	aquaint,broadcast,clinical,discussion,general,historical,newswire,online,pubmed,sms,telephony,usenet	TIME	wiki	87.51677852348993	88.43537414965986	88.45374746792707	89.29788684389912	89.43089430894308
TIME	aquaint,broadcast,clinical,discussion,general,historical,newswire,online,pubmed,sms,telephony,usenet,wiki	TIME	ace	72.24695755417038	72.44326554671382	72.8102189781022	73.07692307692307	74.17896956914734
TIME	aquaint,broadcast,clinical,historical,newswire,online,pubmed,sms,wiki	TIME	telephony	57.227138643067846	57.49235474006116	59.28143712574852	60.06191950464397	61.81818181818181
TIME	aquaint,broadcast,discussion,general,historical,newswire,online,pubmed,sms,telephony,usenet,wiki	TIME	ace	79.54200257039375	79.88228369629194	79.97205402887751	80.41909196740396	80.6123669417534
TIME	aquaint,broadcast,discussion,historical,newswire,pubmed,telephony,usenet,wiki	TIME	clinical	74.04393816110658	74.25149700598801	74.47268793942672	74.48055407565263	75.10660980810235
TIME	aquaint,clinical,discussion,general,historical,newswire,pubmed,sms,telephony,usenet,wiki	TIME	online	68.50258175559381	69.37394247038917	69.4300518134715	69.50596252129472	69.84667802385009
TIME	aquaint,clinical,general,pubmed,telephony,usenet,wiki	TIME	online	70.6086956521739	70.66895368782161	70.76923076923077	71.50259067357513	71.72413793103448
TIME	aquaint,clinical,online,sms,wiki	TIME	telephony	55.319148936170215	56.09756097560975	56.60377358490566	58.64197530864198	59.23566878980891
TIME	aquaint,discussion,historical,pubmed,sms,telephony,usenet	TIME	wiki	87.79501011463249	88.6348352387357	88.91873740765615	88.94878706199461	89.14362778152393
TIME	broadcast,clinical,discussion,general,historical,newswire,online,pubmed,sms,wiki	TIME	aquaint	75.07692307692308	75.22935779816514	76.82926829268293	77.01863354037268	77.25856697819314
TIME	broadcast,clinical,discussion,general,historical,newswire,pubmed,sms,telephony,usenet,wiki	TIME	ace	71.59487776484285	72.34167893961707	73.37955984323183	73.68735083532219	73.83343177790903
TIME	broadcast,clinical,discussion,general,historical,newswire,sms,wiki	TIME	aquaint	75.47169811320754	76.01246105919003	76.48902821316614	76.875	77.63975155279503
TIME	broadcast,clinical,discussion,general,newswire,online,pubmed,usenet,wiki	TIME	ace	75.89428395820529	77.76200615093447	79.50646298472385	79.61484264913105	80.60712200817278
TIME	broadcast,clinical,discussion,general,newswire,online,usenet,wiki	TIME	ace	70.30053034767235	71.34128600523714	71.90675433353256	72.87735849056602	73.18818968088279
TIME	broadcast,clinical,discussion,general,pubmed,sms,telephony,usenet,wiki	TIME	ace	71.7314487632509	71.85033615901784	72.135950776443	72.40164415736935	73.94302848575713
TIME	broadcast,usenet,wiki	TIME	ace	78.32639748059836	79.18367346938776	79.38948817994034	79.64788732394366	80.6133116505982
TIME	clinical,discussion,general,historical,newswire,online,sms,telephony,usenet,wiki	TIME	pubmed	57.95918367346938	59.01639344262296	59.055118110236215	59.43775100401606	61.86440677966102
TIME	clinical,general,newswire,online,wiki	TIME	ace	70.55749128919861	71.14556416881999	72.38895558223291	72.66899766899768	73.40801886792451
TIME	clinical,general,online,pubmed,sms,usenet,wiki	TIME	ace	72.54073627036813	72.86821705426355	72.9991204925242	73.47903130537507	73.72502236802862
TIME	clinical,online,pubmed,sms,usenet,wiki	TIME	ace	72.2531497216525	72.28276877761414	72.8238418412511	73.31170746092597	73.55029585798816
TIME	clinical,pubmed,sms,usenet,wiki	TIME	ace	72.30989956958392	72.97612114152592	73.77436503248671	73.95209580838322	74.9630505468519
TIME	historical,newswire	NER	social	42.10526315789474	42.723492723492726	44.456581103222284	44.63894967177242	47.262872628726285
TIME	n10,aquaint,broadcast,clinical,discussion,general,historical,newswire,online,telephony,usenet	TIME	wiki	87.78523489932887	88.90401633764466	89.23493568043331	89.3732970027248	89.83739837398373
TIME	n10,aquaint,broadcast,clinical,discussion,general,newswire,online,telephony,usenet,wiki	TIME	sms	55.99999999999999	57.75401069518716	59.067357512953365	63.87434554973822	64.94845360824743
TIME	n10,aquaint,broadcast,clinical,discussion,historical,newswire,online,telephony,usenet,wiki	TIME	general	80.4270462633452	81.11888111888112	81.97879858657244	82.31046931407943	82.73381294964028
TIME	n11,aquaint,broadcast,clinical,discussion,general,historical,newswire,online,telephony,usenet,wiki	TIME	sms	57.28155339805826	58.291457286432156	60.51282051282051	60.63829787234042	62.17616580310881
TIME	n11,aquaint,broadcast,clinical,discussion,general,historical,online,pubmed,telephony,usenet,wiki	TIME	newswire	81.51041666666667	81.55844155844156	82.18465539661898	82.95904887714663	83.1812255541069
TIME	n11,broadcast,clinical,discussion,historical,newswire,online,pubmed,sms,telephony,usenet,wiki	TIME	aquaint	75.77639751552795	76.3975155279503	76.72955974842766	77.01863354037268	78.23343848580441
TIME	n12,aquaint,broadcast,clinical,discussion,general,historical,newswire,online,pubmed,sms,usenet,wiki	TIME	telephony	59.82404692082112	60.99706744868036	61.3095238095238	61.31805157593123	62.721893491124256
TIME	n12,aquaint,broadcast,clinical,discussion,general,historical,newswire,online,pubmed,telephony,usenet,wiki	TIME	sms	62.29508196721311	62.76595744680851	65.26315789473685	67.70833333333333	69.43005181347151
TIME	n12,aquaint,broadcast,clinical,discussion,general,historical,newswire,online,sms,telephony,usenet,wiki	TIME	pubmed	47.05882352941176	51.47679324894515	52.76595744680851	56.17021276595745	56.17021276595745
TIME	n12,aquaint,broadcast,clinical,discussion,general,historical,newswire,pubmed,sms,telephony,usenet,wiki	TIME	online	68.68686868686868	71.45299145299145	71.57534246575344	71.69811320754717	72.26027397260275
TIME	n12,aquaint,broadcast,clinical,discussion,general,newswire,online,pubmed,sms,telephony,usenet,wiki	TIME	historical	89.4736842105263	89.72972972972974	90.9090909090909	91.39784946236558	92.5531914893617
TIME	n12,aquaint,broadcast,clinical,discussion,historical,newswire,online,pubmed,sms,telephony,usenet,wiki	TIME	general	77.46478873239437	79.0035587188612	79.2982456140351	81.66089965397923	83.09859154929579
TIME	n12,aquaint,broadcast,clinical,general,historical,newswire,online,pubmed,sms,telephony,usenet,wiki	TIME	discussion	68.96551724137932	69.7406340057637	69.9421965317919	71.26436781609195	72.62247838616715
TIME	n12,broadcast,clinical,discussion,general,historical,newswire,online,pubmed,sms,telephony,usenet,wiki	TIME	aquaint	76.92307692307693	77.01863354037268	77.01863354037268	78.39506172839505	78.63777089783281
TIME	n2,broadcast,wiki	TIME	usenet	70.11494252873564	71.05263157894736	71.5909090909091	72.16890595009598	73.34593572778829
TIME	n2,clinical,wiki	TIME	historical	83.51648351648352	84.15300546448087	85.4054054054054	89.01098901098902	89.24731182795699
TIME	n2,clinical,wiki	TIME	pubmed	56.63716814159292	58.87445887445887	61.27659574468085	61.67400881057268	61.73913043478261
TIME	n2,general,newswire	TIME	wiki	87.63297872340425	88.51351351351352	88.70858688302907	89.50201884253028	89.52380952380953
TIME	n2,general,online	TIME	sms	64.94845360824743	65.02463054187191	67.6470588235294	68.9655172413793	75.93582887700533
TIME	n2,general,wiki	TIME	aquaint	74.46153846153845	74.76635514018692	75.38940809968847	77.60252365930599	77.60252365930599
TIME	n2,general,wiki	TIME	clinical	73.6983360171766	74.42353564802545	74.56539181599359	74.89406779661017	75.07458638459454
TIME	n2,general,wiki	TIME	discussion	66.11570247933885	67.42857142857143	67.44186046511626	67.62177650429798	68.53932584269661
TIME	n2,general,wiki	TIME	newswire	80.92783505154638	81.19325551232166	81.71206225680933	82.36808236808237	82.58064516129033
TIME	n2,general,wiki	TIME	online	67.003367003367	67.57679180887372	67.8082191780822	67.8082191780822	69.05982905982906
TIME	n2,newswire,wiki	TIME	telephony	53.91304347826086	57.98045602605865	58.146964856230035	58.97435897435898	59.07692307692307
TIME	n2,online,wiki	TIME	general	76.28865979381443	79.72027972027972	79.85611510791367	80.71428571428572	81.13879003558719
TIME	n2,usenet,wiki	TIME	broadcast	66.58905704307334	67.9245283018868	68.1551116333725	68.35138387484957	69.73995271867612
TIME	n3,broadcast,clinical,wiki	TIME	usenet	66.92160611854685	72.6923076923077	73.39805825242719	76.07843137254902	76.47058823529413
TIME	n3,broadcast,general,wiki	TIME	discussion	67.25146198830409	68.40579710144928	69.12181303116148	70.05649717514125	71.63323782234957
TIME	n3,broadcast,online,usenet	TIME	aquaint	79.3846153846154	80.12422360248446	80.61538461538463	81.34556574923548	82.67477203647417
TIME	n3,clinical,general,online	TIME	sms	53.535353535353536	55.670103092783506	56.71641791044776	57.843137254901954	57.89473684210525
TIME	n3,clinical,general,wiki	TIME	online	65.87030716723548	67.12095400340715	67.69759450171821	67.8023850085179	68.36734693877551
TIME	n3,clinical,newswire,wiki	TIME	historical	84.32432432432434	85.4054054054054	85.8695652173913	86.33879781420764	86.95652173913044
TIME	n3,clinical,online,wiki	TIME	general	80.27681660899654	80.8362369337979	81.2720848056537	82.80701754385964	83.03249097472926
TIME	n3,clinical,online,wiki	TIME	pubmed	49.80237154150197	51.18110236220473	53.96825396825397	56.4516129032258	56.91699604743082
TIME	n3,general,newswire,online	TIME	wiki	88.7844190732035	88.85887913571909	88.8888888888889	89.419795221843	89.74881194840462
TIME	n3,general,newswire,wiki	TIME	aquaint	77.1604938271605	77.84810126582279	79.375	79.49526813880125	79.50310559006212
TIME	n3,general,online,wiki	TIME	clinical	72.70788912579957	73.83006535947713	73.86154251118717	74.00318979266348	74.39381827871036
TIME	n3,general,online,wiki	TIME	newswire	80.20565552699227	81.15183246073298	82.1243523316062	83.09305373525558	84.25196850393701
TIME	n3,general,usenet,wiki	TIME	broadcast	67.7382319173364	69.20332936979786	70.01166861143525	70.88305489260145	71.29186602870814
TIME	n3,n2,general,wiki	TIME	clinical	73.6983360171766	74.42353564802545	74.56539181599359	74.89406779661017	75.07458638459454
TIME	n3,newswire,online,wiki	TIME	telephony	51.764705882352935	53.92491467576791	54.86725663716814	56.06936416184971	56.23003194888179
TIME	n4,broadcast,newswire,online,wiki	TIME	telephony	52.53731343283581	54.54545454545454	55.35714285714285	55.58739255014326	55.88235294117647
TIME	n4,general,newswire,online,wiki	TIME	clinical	73.31206804891015	73.44873501997338	73.50565428109854	73.53896103896105	73.6
TIME	n4,general,newswire,usenet,wiki	TIME	broadcast	67.05607476635514	68.29268292682926	68.68451688009314	69.50354609929079	69.89374262101535
TIME	n5,broadcast,clinical,general,online,wiki	TIME	usenet	68.31119544592029	68.80907372400756	70.36328871892927	73.17073170731707	74.23076923076923
TIME	n5,clinical,general,online,usenet,wiki	TIME	sms	64.28571428571429	64.94845360824743	65.97938144329896	66.31578947368422	68.04123711340205
TIME	n6,broadcast,clinical,general,newswire,online,usenet	TIME	wiki	87.09677419354838	87.8114478114478	88.2907133243607	88.30645161290323	89.1745602165088
TIME	n6,broadcast,clinical,general,newswire,usenet,wiki	TIME	online	66.44844517184943	66.88851913477536	67.89915966386555	68.43853820598007	68.47457627118644
TIME	n7,broadcast,clinical,discussion,general,online,usenet,wiki	TIME	newswire	81.53846153846153	81.58567774936061	81.92457737321196	82.27684346701164	82.55208333333334
TIME	n7,broadcast,clinical,general,newswire,online,usenet,wiki	TIME	discussion	72.0	72.57142857142858	73.50427350427351	74.22096317280452	74.64387464387464
TIME	n7,broadcast,clinical,general,newswire,online,usenet,wiki	TIME	pubmed	44.44444444444444	45.643153526970956	46.913580246913575	48.16326530612244	49.78902953586498
TIME	n8,aquaint,broadcast,clinical,discussion,general,newswire,usenet,wiki	TIME	online	69.05982905982906	69.49152542372882	70.08547008547009	70.38917089678512	70.44673539518901
TIME	n8,aquaint,broadcast,clinical,discussion,newswire,online,usenet,wiki	TIME	general	77.41935483870968	77.62237762237761	78.8732394366197	79.28571428571429	81.85053380782918
TIME	n8,broadcast,clinical,discussion,general,newswire,online,usenet,wiki	TIME	pubmed	50.909090909090914	53.67965367965367	54.99999999999999	55.696202531645575	59.91561181434599
TIME	n9,aquaint,broadcast,clinical,discussion,general,historical,newswire,online,usenet	TIME	wiki	87.92987188132166	88.76786929884275	89.57055214723927	89.79591836734696	89.82935153583618
TIME	n9,aquaint,broadcast,clinical,discussion,general,newswire,online,telephony,wiki	TIME	usenet	67.41573033707866	68.04511278195488	71.5909090909091	72.90448343079923	73.62428842504744
TIME	n9,aquaint,broadcast,clinical,discussion,general,newswire,online,usenet,wiki	TIME	historical	87.43169398907102	87.56756756756756	87.70053475935829	88.04347826086956	88.52459016393443
TIME	n9,aquaint,broadcast,clinical,discussion,general,newswire,online,usenet,wiki	TIME	telephony	61.44578313253011	62.65060240963856	63.444108761329296	64.45783132530121	65.25679758308158
TIME	n9,aquaint,broadcast,clinical,general,newswire,online,telephony,usenet,wiki	TIME	discussion	71.54929577464789	72.06703910614523	72.88135593220339	72.98050139275766	73.71428571428572
TIME	n9,aquaint,clinical,discussion,general,newswire,online,telephony,usenet,wiki	TIME	broadcast	68.42737094837935	69.23976608187135	69.48130277442701	69.53405017921148	69.90291262135922
TIME	n9,broadcast,clinical,discussion,historical,newswire,online,sms,telephony,usenet	TIME	aquaint	76.3975155279503	76.72955974842766	76.875	76.875	77.63975155279503
TIME	pubmed,sms,usenet,wiki	TIME	ace	71.0431654676259	71.98838896952104	72.55705090696314	72.8169422686394	73.13214181072371
TIME	pubmed,usenet,wiki	TIME	ace	71.91780821917808	72.48400232693426	73.14487632508833	73.42762563948239	73.47775175644028
TIME	pubmed,wiki	NER	clinical	83.25955604381402	83.71493989696623	83.72400547833068	84.07671580282135	84.4525395836329
TIME	pubmed,wiki	NER	financial	79.90690457719163	81.82533438237608	82.20472440944881	82.39936858721389	83.05489260143199
TIME	pubmed,wiki	NER	gum	59.09090909090909	59.23705026792548	60.08435582822086	60.48330235241332	60.920566109906915
TIME	pubmed,wiki	NER	literature	69.37932709826309	69.61405185804756	69.8210922787194	70.25293908086925	71.2592418730196
TIME	pubmed,wiki	NER	materials	76.90776376907765	77.11154094132817	77.35483870967742	77.37747484582927	78.38464084740153
TIME	pubmed,wiki	NER	news	88.32123173825562	89.8201501658809	90.74253501277195	90.8931391472188	91.07989464442494
TIME	pubmed,wiki	NER	privacy	93.58059914407988	93.7251994941787	94.04107480540043	94.0875596012137	94.10837093170967
TIME	pubmed,wiki	NER	social	41.590909090909086	42.628571428571426	42.98957126303593	43.51851851851852	45.08790072388831
TIME	pubmed,wiki	NER	twitter	43.127759578407634	44.71519951264088	44.790419161676645	44.82518456609556	44.851985559566785
TIME	pubmed,wiki	NER	wetlab	79.30962155035508	79.39059500959694	79.39934582218258	79.68895427387636	79.883940055637
TIME	pubmed,wiki	TIME	ace	63.93013100436681	72.29551451187334	72.65917602996255	73.08031774051192	74.1579731743666
TIME	pubmed,wiki	TIME	aquaint	77.25856697819314	77.53846153846155	78.88198757763975	78.99686520376176	79.25696594427245
TIME	pubmed,wiki	TIME	broadcast	66.8176670441676	67.50861079219288	68.67749419953597	69.49352179034157	69.80023501762632
TIME	pubmed,wiki	TIME	clinical	73.07692307692308	73.25146823278163	73.93775372124493	74.61000537923613	74.87179487179489
TIME	pubmed,wiki	TIME	discussion	60.49046321525885	63.50974930362116	64.72148541114059	65.21739130434783	65.92797783933518
TIME	pubmed,wiki	TIME	general	77.46478873239437	77.46478873239437	78.41726618705036	79.2982456140351	80.55555555555557
TIME	pubmed,wiki	TIME	historical	84.94623655913978	85.10638297872339	86.02150537634408	86.63101604278076	88.29787234042553
TIME	pubmed,wiki	TIME	newswire	80.20304568527918	80.719794344473	80.98958333333333	81.69014084507043	82.10526315789474
TIME	pubmed,wiki	TIME	online	65.49520766773163	68.20428336079077	68.89632107023412	70.46632124352332	70.64846416382252
TIME	pubmed,wiki	TIME	sms	66.34615384615385	68.71794871794872	70.70707070707071	71.71717171717172	71.79487179487181
TIME	pubmed,wiki	TIME	telephony	50.289017341040456	53.295128939828075	53.51351351351351	56.17977528089888	57.91044776119403
TIME	pubmed,wiki	TIME	usenet	63.19569120287253	68.56060606060606	69.71428571428572	70.13487475915221	70.31249999999999
