Tgt_Task	Src_Domain	Tgt_Domain	F1_1	F1_2	F1_3_Median	F1_4	F1_5
GUM	academic	biography	56.51290070367474	58.00095344033052	58.66328793158061	59.905511811023615	60.9942638623327
GUM	academic	fiction	44.68704512372635	44.876589379207175	44.926873857404026	46.83040935672515	47.9211727950012
GUM	academic	interview	50.33447839450371	51.39748640030012	51.80255130338325	52.243346007604565	52.387896463725845
GUM	academic	news	39.6762731938413	41.58615136876006	44.01606425702811	44.093243777163174	44.81937276697103
GUM	academic	reddit	53.06201550387596	53.3900020238818	53.8341767224601	54.87575694299437	55.26627218934911
GUM	academic	voyage	40.597539543058	40.92542677448338	42.62513904338153	44.30823117338004	45.202077218333706
GUM	academic	wikihow	39.225280326197755	42.760000000000005	43.435340572556754	44.091710758377424	45.02536090518923
GUM	biography	academic	69.31538335248727	69.96852741427861	70.14579191517561	70.7482993197279	70.96774193548387
GUM	biography	fiction	53.76969696969698	55.92073465442242	56.85749086479902	56.89739813451153	58.83504650024475
GUM	biography	interview	54.12192902638762	55.47364541098414	55.91160220994475	55.94095940959409	56.419799032378116
GUM	biography	news	50.85680519992122	51.27693535514764	51.38806851742468	53.68567454798331	53.80690737833596
GUM	biography	reddit	58.29668132746902	59.13913913913914	59.40473780117432	59.62402942378423	60.26183282980866
GUM	biography	voyage	41.723756906077355	45.73102050011264	45.78420467185762	46.346929627969516	46.389201349831275
GUM	biography	wikihow	46.053412462908014	46.08131997642899	50.35971223021583	50.44687189672293	50.55732484076434
GUM	fiction	academic	45.33018071271745	45.742011042328926	52.41721267929874	60.53546592489569	61.96692776327241
GUM	fiction	biography	42.83517835178351	49.27215189873418	53.64470391993328	54.09863104073892	54.71124620060791
GUM	fiction	interview	50.44873018903954	51.20091498284407	53.84464879671297	54.24454828660436	55.6957112361731
GUM	fiction	news	42.06380464749901	43.29774614472123	45.293875873407316	46.17886178861788	46.86985172981878
GUM	fiction	reddit	57.72890674561217	59.551268609771434	59.697679369810515	60.48300918999786	61.65349284340953
GUM	fiction	voyage	49.933657673595754	52.14794394670342	53.227990970654616	54.07545412203074	55.04840940525588
GUM	fiction	wikihow	49.62097930751895	51.41548709408825	54.423155320016306	55.71932738218809	57.36657737481969
GUM	interview	academic	60.337698139214346	60.427335334628296	60.651096956829456	60.86803105151729	61.72928276110012
GUM	interview	biography	58.78787878787879	59.32486631016043	59.77608307642382	60.61507936507936	61.15155526141628
GUM	interview	fiction	56.574122577265584	57.073565076798715	58.71559633027523	58.80503144654088	59.132653061224495
GUM	interview	news	53.40599455040872	54.752233956133225	56.61931233271568	56.79671457905544	56.98300870285951
GUM	interview	reddit	58.675213675213676	58.77828054298643	59.986959356661586	60.463084316295316	61.17032847509245
GUM	interview	voyage	51.08082706766916	52.48544558889387	52.54629629629629	52.578268876611425	55.092592592592595
GUM	interview	wikihow	54.79856570343809	55.53406404470235	56.18163054695563	56.190677072347604	57.32912723449001
GUM	news	academic	63.773069036226936	64.4883920894239	65.58607746118409	65.90752242926156	66.51846785225717
GUM	news	biography	60.59613494923026	60.942543576500974	61.20218579234973	62.40722813810907	63.30841728956776
GUM	news	fiction	61.162728962038756	61.19010005265929	61.546582211665346	62.61997405966277	62.65311441230127
GUM	news	interview	56.012721129000184	56.436622503460555	56.69706180344478	57.59682224428997	57.644305772230894
GUM	news	reddit	59.02297568592461	59.499455930359076	59.93541442411194	60.004383081306166	60.20519537218948
GUM	news	voyage	52.17391304347826	53.86004514672686	54.10849164568552	54.21412300683372	54.30762291384754
GUM	news	wikihow	58.322798145807006	58.424599831508004	58.76837843596846	59.22350472193075	59.92973754908037
GUM	reddit	academic	58.26001955034212	58.77849891828924	62.246593552675314	64.76701307408649	66.7975139025188
GUM	reddit	biography	55.619462148297835	57.206990540323886	58.808077491380715	58.81784506361733	60.10060035696901
GUM	reddit	fiction	59.77128335451079	60.170340681362724	60.60146575688652	60.643873221861746	61.20191098818204
GUM	reddit	interview	53.25842696629213	53.30547112462008	53.53706847764573	54.00626266347393	55.088044485634846
GUM	reddit	news	39.625167336010705	42.82915360501568	43.514811849479585	44.0979076194236	45.11488511488512
GUM	reddit	voyage	47.248618784530386	47.2595436127106	51.51040501230702	51.72566371681416	52.11330935251799
GUM	reddit	wikihow	46.76850763807286	46.946107784431135	48.823529411764696	49.203187250996024	49.868020304568525
GUM	voyage	academic	45.18698060941828	52.90574060949681	53.46676197283774	54.30509653852843	58.14977973568281
GUM	voyage	biography	46.21876014281077	48.957116636075426	51.14764772912258	52.85950413223141	52.99569678914266
GUM	voyage	fiction	44.924184014392196	45.784447476125514	47.30010384215992	49.33507170795307	53.29103885804917
GUM	voyage	interview	46.566229700645664	49.41602899718083	50.48620758086923	51.24851367419738	51.69609204522912
GUM	voyage	news	44.62640736949846	46.675031367628605	47.86641929499073	49.2928452579035	51.01281521289789
GUM	voyage	reddit	47.39661452753374	49.63728291932293	50.261304249034296	52.318460192475946	54.72810657348766
GUM	voyage	wikihow	42.685453791960214	45.19371727748691	46.939655172413794	47.18339686573486	47.76566174898439
GUM	wikihow	academic	51.93289569657185	52.797651807007895	55.13164965072542	56.873362445414855	57.77620145415854
GUM	wikihow	biography	46.59954071718777	46.84149760844466	46.904512067156354	46.989770249874226	47.27083694333737
GUM	wikihow	fiction	53.07651150347779	53.2182103610675	54.47954427757639	55.190819322124376	56.28556647697879
GUM	wikihow	interview	47.97283802676253	50.18741369106332	50.61159013434931	50.68572532354646	50.78093712454946
GUM	wikihow	news	36.85300207039337	37.025990626331485	38.84548611111111	38.99476439790576	39.396551724137936
GUM	wikihow	reddit	55.51663747810858	55.586773287227146	56.11752360965373	56.99999999999999	58.05626598465473
GUM	wikihow	voyage	44.33872502378687	45.612366230677765	47.014750643877306	47.30831973898857	47.65802637562528
POS	academic	biography	92.5925925925926	92.65046296296296	93.13271604938271	93.17129629629629	93.59567901234568
POS	academic	fiction	89.81404385234526	90.06383569247849	90.20260893699694	90.78545656397446	91.06300305301139
POS	academic	general	90.46361502347418	90.81572769953053	91.66666666666666	91.75469483568075	91.78403755868545
POS	academic	gum	92.52588675919806	92.72967614011897	92.78750826173166	93.05188367481823	93.06840713813615
POS	academic	interview	92.29871645274213	92.49319330999612	92.51264099572151	92.62932711007392	92.74601322442629
POS	academic	literature	91.0324521538757	91.07085706970493	91.60852589131409	91.79414965115534	91.88376112142355
POS	academic	news	93.86158475426278	94.2026078234704	94.28284854563691	94.30290872617853	94.40320962888666
POS	academic	online	88.68610223642173	88.7220447284345	88.72603833865813	88.90575079872204	89.0535143769968
POS	academic	reddit	90.74681986048421	90.78785391875257	90.95199015182601	91.629052113254	91.64956914238819
POS	academic	voyage	92.0571882446386	92.74556526343657	93.27508604712736	93.3809902038655	93.40746624305004
POS	academic	wikihow	92.55254029789839	93.0218322791267	93.16466027341359	93.30748826770046	93.65435625382575
POS	biography	academic	93.86375455018201	94.04576183047323	94.17576703068123	94.22776911076443	94.27977119084764
POS	biography	fiction	93.03358312517346	93.06133777407716	93.08909242298084	93.47765750763253	93.50541215653621
POS	biography	general	89.90610328638498	89.93544600938968	90.19953051643192	90.25821596244131	90.81572769953053
POS	biography	gum	94.24983476536683	94.40405375633401	94.48942498347654	94.52797973121832	94.58305794227803
POS	biography	interview	93.951769739401	94.08790353947879	94.22403733955659	94.34072345390898	94.57409568261377
POS	biography	literature	92.41502912372783	92.56224796773986	92.65185943800806	92.754272546886	92.76707418549574
POS	biography	news	95.66700100300902	95.66700100300902	95.82748244734202	95.82748244734202	96.06820461384153
POS	biography	online	90.16773162939296	90.3314696485623	90.58306709265176	90.82667731629392	90.85463258785943
POS	biography	reddit	92.38818219121872	92.49076733688962	92.96265900697578	93.12679524004925	93.31144850225687
POS	biography	voyage	94.65184008472333	94.7047921630924	94.89012443738417	94.9166004765687	95.07545671167593
POS	biography	wikihow	93.30748826770046	93.65435625382575	93.75637624974496	93.81758824729647	94.22566823097327
POS	fiction	academic	92.58970358814352	93.23972958918357	93.29173166926677	93.44773790951638	93.81175247009881
POS	fiction	biography	94.56018518518519	95.1003086419753	95.3125	95.44753086419753	95.64043209876543
POS	fiction	general	89.58333333333334	90.25821596244131	90.84507042253522	90.9330985915493	91.28521126760563
POS	fiction	gum	94.66842916942058	94.75104648601014	95.05122273628552	95.0760079312624	95.08977748402731
POS	fiction	interview	94.86581096849474	95.17697394010113	95.23531699727732	95.25476468300272	95.31310774017892
POS	fiction	literature	92.97190040325162	93.07431351212955	93.15752416309287	93.17032580170262	93.18952825961723
POS	fiction	news	95.76730190571715	95.76730190571715	95.94784353059177	96.02808425275828	96.08826479438315
POS	fiction	online	91.09424920127796	91.13817891373802	91.14217252396166	91.19808306709265	91.44968051118211
POS	fiction	reddit	93.82437423061141	93.96799343455068	94.52195322117358	94.56298727944194	94.70660648338122
POS	fiction	voyage	93.46041832141911	93.85755890918719	94.06936722266349	94.12231930103256	94.1487953402171
POS	fiction	wikihow	94.53172821873088	94.61334421546623	94.63374821465007	94.73576821056926	95.10304019587839
POS	general	academic	92.1996879875195	92.32969318772751	92.56370254810193	92.69370774830993	92.77171086843474
POS	general	biography	89.6604938271605	89.87268518518519	89.93055555555556	90.06558641975309	90.06558641975309
POS	general	fiction	89.0646683319456	89.3699694698862	89.42547876769359	89.86955315015265	90.06383569247849
POS	general	gum	90.32551222736286	90.35029742233972	90.41639127561136	90.42189909671734	90.45769993390614
POS	general	interview	90.12057565149748	90.17891870867368	90.37339556592765	90.49008168028004	90.60676779463243
POS	general	literature	92.96549958394674	92.96549958394674	92.9783012225565	93.06791269282468	93.16392498239775
POS	general	news	91.67502507522568	91.69508525576731	91.8555667001003	91.87562688064193	91.95586760280842
POS	general	online	89.7444089456869	89.86821086261982	90.03993610223642	90.07987220447285	90.11980830670927
POS	general	reddit	89.16700861715223	89.22855970455478	89.22855970455478	89.3106278210915	89.33114485022568
POS	general	voyage	88.95949166004765	89.33015620863118	89.46253640455389	89.70082075721473	89.72729679639926
POS	general	wikihow	90.22648439094063	90.30810038767598	90.32850438685982	90.3693123852275	90.38971638441134
POS	gum	academic	95.94383775351014	96.12584503380135	96.38585543421738	96.41185647425897	96.61986479459178
POS	gum	biography	97.16435185185185	97.20293209876543	97.20293209876543	97.39583333333334	97.39583333333334
POS	gum	fiction	97.16902581182349	97.19678046072717	97.22453510963086	97.28004440743825	97.30779905634193
POS	gum	general	90.55164319248826	90.58098591549296	90.78638497652582	90.90375586854461	91.22652582159625
POS	gum	interview	96.46052119797744	96.69389342668222	96.71334111240762	96.75223648385843	96.79113185530922
POS	gum	literature	92.96549958394674	93.11271842795877	93.20873071753184	93.28554054919029	93.31114382640978
POS	gum	news	97.23169508525577	97.27181544633902	97.27181544633902	97.45235707121364	97.51253761283851
POS	gum	online	92.74361022364216	92.76357827476038	92.8594249201278	92.87539936102236	92.9552715654952
POS	gum	reddit	95.54780467788264	95.60935576528519	95.62987279441937	95.69142388182192	95.89659417316373
POS	gum	voyage	95.52554937781308	96.0285941223193	96.05507016150383	96.29335451416469	96.34630659253376
POS	gum	wikihow	95.6131401754744	95.63354417465824	95.73556417057742	95.77637216894512	95.85798816568047
POS	interview	academic	93.94175767030681	93.99375975039001	94.22776911076443	94.51378055122206	94.56578263130525
POS	interview	biography	94.9074074074074	94.9266975308642	94.94598765432099	95.1003086419753	95.23533950617285
POS	interview	fiction	96.05883985567583	96.19761310019427	96.25312239800166	96.39189564252013	96.4751595892312
POS	interview	general	89.93544600938968	89.99413145539906	90.63967136150235	90.75704225352112	90.9330985915493
POS	interview	gum	95.08702357347434	95.08977748402731	95.13108614232209	95.17239480061687	95.2990746860542
POS	interview	literature	92.77347500480062	92.98470204186135	93.05511105421493	93.0615118735198	93.1959290789221
POS	interview	news	95.78736208625878	96.14844533600802	96.18856569709128	96.28886659979939	96.40922768304915
POS	interview	online	91.3338658146965	91.34185303514377	91.52955271565494	91.59744408945687	92.04073482428115
POS	interview	reddit	93.96799343455068	94.21419778416086	94.25523184242923	94.41936807550266	94.70660648338122
POS	interview	voyage	93.67222663489542	93.83108287000265	94.01641514429441	94.04289118347894	94.38707969287795
POS	interview	wikihow	95.32748418690063	95.38869618445214	95.4703121811875	95.53152417873903	95.65394817384207
POS	literature	academic	92.45969838793552	92.56370254810193	92.69370774830993	92.69370774830993	92.82371294851795
POS	literature	biography	89.77623456790124	89.83410493827161	89.83410493827161	90.08487654320987	90.10416666666666
POS	literature	fiction	93.03358312517346	93.14460172078823	93.31112961421037	93.36663891201776	93.42214820982515
POS	literature	general	92.6056338028169	92.6056338028169	92.78169014084507	92.84037558685446	93.01643192488262
POS	literature	gum	91.34721304252038	91.49592421238158	91.5675258867592	91.58404935007711	91.62260409781891
POS	literature	interview	90.97627382341501	91.0151691948658	91.03461688059122	91.07351225204201	91.11240762349281
POS	literature	news	91.4543630892678	91.63490471414242	91.73520561685055	91.79538615847542	91.89568706118354
POS	literature	online	90.12779552715655	90.17172523961662	90.34744408945687	90.44728434504792	90.49520766773162
POS	literature	reddit	91.67008617152236	91.91629052113254	92.01887566680344	92.24456298727944	92.32663110381617
POS	literature	voyage	88.37701879798782	88.58882711146414	88.7741593857559	88.95949166004765	89.01244373841674
POS	literature	wikihow	92.89940828402366	92.9198122832075	93.0218322791267	93.0218322791267	93.20546827178127
POS	news	academic	92.32969318772751	92.40769630785232	92.51170046801872	92.69370774830993	92.84971398855954
POS	news	biography	94.40586419753086	94.81095679012346	94.86882716049382	94.98456790123457	95.27391975308642
POS	news	fiction	95.8368026644463	95.86455731334999	95.89231196225367	95.97557590896474	96.05883985567583
POS	news	general	90.22887323943662	91.02112676056339	91.57863849765259	91.84272300469483	92.01877934272301
POS	news	gum	94.43710068296983	94.45913196739369	94.47014760960563	94.53899537343027	94.70973782771536
POS	news	interview	94.65188642551536	94.92415402567094	94.92415402567094	95.35200311162971	95.37145079735512
POS	news	literature	92.66466107661779	92.88228893298343	92.9590987646419	92.98470204186135	93.10631760865391
POS	news	online	90.88258785942493	90.97444089456869	91.07827476038338	91.44568690095846	91.51357827476039
POS	news	reddit	93.33196553139106	93.41403364792778	93.70127205580631	93.7217890849405	93.9474764054165
POS	news	voyage	93.32803812549642	93.67222663489542	93.88403494837172	94.01641514429441	94.51945988880064
POS	news	wikihow	93.61354825545807	93.89920424403184	94.00122423995103	94.02162823913487	94.2868802285248
POS	online	academic	95.2938117524701	95.5278211128445	95.70982839313572	95.76183047321894	95.76183047321894
POS	online	biography	93.5570987654321	93.80787037037037	94.21296296296296	94.36728395061729	94.54089506172839
POS	online	fiction	95.25395503746877	95.42048293089093	95.4759922286983	95.72578406883153	95.72578406883153
POS	online	general	92.95774647887323	93.10446009389672	93.1631455399061	93.25117370892019	93.63262910798123
POS	online	gum	94.5692883895131	94.62436660057281	94.76206212822208	94.77032385988103	94.78684732319894
POS	online	interview	93.81563593932322	93.83508362504863	93.89342668222481	93.99066511085181	94.06845585375342
POS	online	literature	94.00243231133584	94.06644050438456	94.08564296229916	94.13684951673814	94.20085770978686
POS	online	news	96.16850551654966	96.44934804413239	96.46940822467403	96.54964894684052	96.58976930792377
POS	online	reddit	93.9474764054165	94.02954452195323	94.02954452195323	94.05006155108741	94.09109560935578
POS	online	voyage	93.32803812549642	93.51337039978819	93.51337039978819	93.69870267407995	94.12231930103256
POS	online	wikihow	94.40930422362784	94.51132421954703	94.5929402162824	94.61334421546623	94.71536421138543
POS	reddit	academic	91.60166406656266	91.62766510660425	91.70566822672906	91.96567862714508	91.96567862714508
POS	reddit	biography	90.48996913580247	90.58641975308642	91.0493827160494	91.12654320987654	91.57021604938271
POS	reddit	fiction	96.22536774909798	96.30863169580904	96.36414099361643	96.39189564252013	96.4751595892312
POS	reddit	general	91.54929577464789	91.66666666666666	91.72535211267606	91.78403755868545	91.90140845070422
POS	reddit	gum	93.15653227583168	93.16479400749064	93.35756774619959	93.4897554527429	93.62745098039215
POS	reddit	interview	93.67950213924543	93.9323220536756	94.06845585375342	94.1267989109296	94.2629327110074
POS	reddit	literature	93.17032580170262	93.18952825961723	93.38795365806824	93.40715611598284	93.4391602125072
POS	reddit	news	92.4974924774323	92.65797392176529	93.01905717151455	93.09929789368104	93.4603811434303
POS	reddit	online	90.61102236421725	90.85463258785943	90.87460063897763	90.95846645367412	91.28194888178913
POS	reddit	voyage	90.75986232459624	90.99814667725708	91.47471538257876	91.52766746094784	92.32194863648398
POS	reddit	wikihow	94.83778820648847	94.85819220567231	94.87859620485615	94.91940420322382	95.06223219751071
POS	voyage	academic	93.03172126885076	93.21372854914196	93.7077483099324	93.7077483099324	93.99375975039001
POS	voyage	biography	94.98456790123457	95.21604938271605	95.37037037037037	95.44753086419753	95.48611111111111
POS	voyage	fiction	93.69969469886207	94.11601443241743	94.33805162364696	94.5600888148765	94.75437135720233
POS	voyage	general	89.7887323943662	90.22887323943662	90.3169014084507	90.55164319248826	91.13849765258215
POS	voyage	gum	94.48667107292356	94.54725710508922	94.58030403172505	94.61335095836088	94.63813615333774
POS	voyage	interview	94.39906651108518	94.51575262543757	94.61299105406457	94.65188642551536	94.69078179696616
POS	voyage	literature	92.61345452217884	92.80547910132498	92.81187992062983	92.83108237854445	92.93349548742239
POS	voyage	news	95.82748244734202	95.98796389167502	95.98796389167502	96.22868605817453	96.24874623871614
POS	voyage	online	91.12619808306708	91.13418530351439	91.25798722044729	91.30591054313099	91.5415335463259
POS	voyage	reddit	93.35248256052525	93.51661879359868	93.63972096840378	93.63972096840378	93.70127205580631
POS	voyage	wikihow	94.12364823505406	94.3480922260763	94.45011222199551	94.51132421954703	94.63374821465007
POS	wikihow	academic	92.69370774830993	93.05772230889235	93.18772750910036	93.65574622984919	93.86375455018201
POS	wikihow	biography	92.28395061728395	92.72762345679013	92.80478395061729	93.13271604938271	93.3449074074074
POS	wikihow	fiction	94.5045795170691	94.5045795170691	94.61559811268387	94.78212600610603	95.53150152650569
POS	wikihow	general	89.61267605633803	89.64201877934272	89.84741784037558	90.69835680751174	90.81572769953053
POS	wikihow	gum	94.05155320555188	94.08735404274069	94.20852610707205	94.22504957038996	94.33795990306236
POS	wikihow	interview	94.06845585375342	94.20458965383119	94.30182808245819	94.51575262543757	94.59354336833917
POS	wikihow	literature	92.6006528835691	92.64545861870319	92.76067336619087	92.90149139089804	92.93349548742239
POS	wikihow	news	94.0220661985958	94.38314944834504	94.46339017051153	94.96489468405215	95.18555667001003
POS	wikihow	online	90.47523961661341	90.61900958466454	90.69888178913737	90.81869009584663	90.83865814696486
POS	wikihow	reddit	94.02954452195323	94.21419778416086	94.27574887156341	94.29626590069759	94.33729995896594
POS	wikihow	voyage	94.20174741858618	94.44003177124702	94.46650781043155	94.57241196716971	94.75774424146147
TIME	ace	aquaint	56.35179153094462	56.67752442996743	58.09682804674458	58.743633276740226	60.40268456375839
TIME	ace	broadcast	79.4739314232034	80.1909307875895	80.30231459612659	80.99019149929939	81.7705854355069
TIME	ace	clinical	45.62372433665506	47.51552795031056	48.98010576680937	49.943700738145886	53.852002027369494
TIME	ace	discussion	79.16207276736493	79.38257993384786	81.9747416762342	82.25988700564972	83.6734693877551
TIME	ace	general	66.78383128295255	68.58168761220827	68.71609403254972	72.05882352941175	73.2824427480916
TIME	ace	historical	77.51196172248804	77.62557077625571	82.07343412526998	83.52144469525959	86.46288209606988
TIME	ace	newswire	77.5570272259014	77.80979827089338	78.09110629067244	79.03225806451614	79.29773226042428
TIME	ace	online	66.02756141402037	76.71691792294807	79.97609085475193	80.07224563515953	82.90341931613678
TIME	ace	pubmed	15.81196581196581	16.93548387096774	17.586912065439673	18.036072144288575	18.295218295218294
TIME	ace	sms	51.361867704280165	51.48514851485149	53.58490566037736	53.818181818181834	55.88235294117647
TIME	ace	telephony	66.92015209125476	67.18547341115435	68.29268292682927	68.88888888888889	69.77950713359274
TIME	ace	usenet	70.71583514099783	77.14907508161045	78.25613079019074	81.2981298129813	82.46648793565684
TIME	ace	wiki	79.29246721561452	79.71014492753623	80.36036036036036	80.38106579339089	80.76688983566646
TIME	aquaint	ace	27.04437622104382	27.630421118793215	28.18181818181818	28.762900415493903	28.914348063284233
TIME	aquaint	broadcast	18.562874251497004	19.681349578256796	20.80237741456166	21.778584392014515	23.351482153660008
TIME	aquaint	clinical	41.397597878646074	43.03839182731916	43.08797127468582	43.3801946547196	44.32618563155424
TIME	aquaint	discussion	27.97202797202797	28.272251308900525	28.451882845188287	29.39297124600639	29.746070133010882
TIME	aquaint	general	68.54460093896714	70.66974595842956	71.85354691075516	72.03579418344519	72.40618101545253
TIME	aquaint	historical	29.37062937062937	43.70860927152318	53.77643504531723	58.659217877094974	68.46361185983827
TIME	aquaint	newswire	56.8678915135608	56.97577276524643	57.092511013215855	58.24742268041238	58.82352941176471
TIME	aquaint	online	20.811518324607327	21.05263157894737	22.59970457902511	22.813688212927758	25.500370644922164
TIME	aquaint	pubmed	8.695652173913043	8.78048780487805	8.801955990220048	10.242587601078167	11.382113821138212
TIME	aquaint	sms	26.053639846743295	27.00729927007299	27.491408934707906	27.530364372469634	28.34008097165992
TIME	aquaint	telephony	29.389312977099237	33.830845771144276	33.9250493096647	38.57142857142857	39.60066555740433
TIME	aquaint	usenet	14.74588403722262	16.464237516869098	16.791979949874687	18.02403204272363	18.55111712931618
TIME	aquaint	wiki	64.94440810987572	66.26586506346025	66.27505183137527	68.15566835871405	69.13916298060563
TIME	broadcast	ace	63.01080319398778	64.56369349770364	65.18263436231706	65.39109506618531	66.3818359375
TIME	broadcast	aquaint	37.54266211604095	39.93055555555555	40.0	43.08797127468581	46.026490066225165
TIME	broadcast	clinical	43.825634352635	44.27224589952215	44.59633737425845	45.65583634175692	47.188811188811194
TIME	broadcast	discussion	76.10419026047566	76.37969094922738	76.71541057367828	77.23214285714285	78.48383500557415
TIME	broadcast	general	62.13235294117647	62.82722513089005	64.08839779005524	64.33823529411764	64.86486486486487
TIME	broadcast	historical	46.24624624624624	55.55555555555556	57.286432160804026	59.24170616113743	63.15789473684209
TIME	broadcast	newswire	55.361216730038024	55.73770491803279	56.595431098010316	59.88023952095809	60.36363636363637
TIME	broadcast	online	70.84870848708486	71.03274559193954	72.62210796915167	72.69255251432209	74.38423645320196
TIME	broadcast	pubmed	12.931034482758621	14.342629482071711	15.419501133786847	16.30901287553648	16.63019693654267
TIME	broadcast	sms	49.65034965034965	53.07692307692308	53.124999999999986	55.46875	56.06060606060607
TIME	broadcast	telephony	44.52830188679245	54.473684210526315	54.805194805194816	56.91056910569105	57.294429708222815
TIME	broadcast	usenet	40.483383685800604	41.29606099110546	46.589446589446595	48.442466624284805	52.295918367346935
TIME	broadcast	wiki	44.44444444444445	47.82193958664547	54.724159797083075	58.92740353172008	60.16458396830235
TIME	clinical	ace	30.10552451893234	31.518987341772153	32.20663265306122	32.71555197421434	53.08491967058189
TIME	clinical	aquaint	65.85365853658537	67.4373795761079	68.91089108910892	69.00584795321637	69.3446088794926
TIME	clinical	broadcast	28.005115089514064	28.96379525593008	30.22801302931596	30.86900129701686	52.88912024986986
TIME	clinical	discussion	31.22238586156112	35.703479576399396	36.417033773861974	44.6043165467626	62.08588957055214
TIME	clinical	general	66.22807017543859	66.66666666666667	67.12643678160921	70.12987012987013	74.15254237288134
TIME	clinical	historical	27.857142857142858	29.126213592233007	39.13043478260869	48.96755162241888	60.416666666666664
TIME	clinical	newswire	51.01543460601137	51.19047619047619	51.324503311258276	52.03389830508475	57.97101449275361
TIME	clinical	online	21.75066312997348	22.511627906976745	23.02692664809656	23.312883435582823	52.49457700650759
TIME	clinical	pubmed	8.08080808080808	8.948545861297537	12.064965197215779	12.165450121654503	12.23529411764706
TIME	clinical	sms	35.02304147465438	35.57692307692308	36.607142857142854	37.50000000000001	39.25233644859812
TIME	clinical	telephony	24.43609022556391	26.146010186757216	28.769497400346623	29.84014209591474	31.634446397188043
TIME	clinical	usenet	18.739352640545146	20.959999999999997	23.411371237458194	24.36548223350254	53.08056872037914
TIME	clinical	wiki	64.76318441383944	64.81665014866205	68.28951639078221	69.16197416363033	70.32896838070903
TIME	discussion	ace	62.553707171973116	64.90434782608696	65.43493229286206	65.69902461681374	66.82864746037257
TIME	discussion	aquaint	51.57894736842105	53.83360522022838	58.201058201058196	61.267605633802816	61.759425493716336
TIME	discussion	broadcast	58.83333333333333	60.127591706539064	61.62888329135181	62.06896551724138	63.06913996627319
TIME	discussion	clinical	44.980544747081716	45.87897756911841	46.076508092202054	47.43769968051119	48.171299374916885
TIME	discussion	general	59.80066445182723	60.21505376344085	60.79136690647482	61.87845303867403	67.53731343283583
TIME	discussion	historical	53.40599455040872	62.06896551724138	63.133640552995395	71.81818181818181	74.6268656716418
TIME	discussion	newswire	57.92426367461431	61.71932402645115	64.97764530551416	67.51306945481701	69.533527696793
TIME	discussion	online	77.55581668625148	78.97310513447434	79.55801104972376	79.68078575813381	80.68669527896995
TIME	discussion	pubmed	10.798122065727702	11.401425178147267	11.894273127753305	12.903225806451612	15.66820276497696
TIME	discussion	sms	49.79591836734694	51.82186234817813	52.10727969348659	53.61702127659576	53.941908713692946
TIME	discussion	telephony	55.25291828793774	57.46478873239437	57.61316872427983	63.18681318681318	64.85714285714286
TIME	discussion	usenet	48.243001786777846	52.83018867924527	53.379152348224515	57.450628366247756	62.971698113207545
TIME	discussion	wiki	57.126502575844306	60.05476118040766	62.25369458128078	62.41799437675727	66.35831020659883
TIME	general	ace	39.534253994042786	40.10725373976856	40.362642821659215	40.85106382978723	42.604822607894334
TIME	general	aquaint	67.86355475763017	71.40115163147792	71.48288973384031	71.51051625239006	73.25581395348838
TIME	general	broadcast	31.90131858783497	32.19932918064207	33.550979407332996	33.89121338912134	37.220843672456574
TIME	general	clinical	44.64053233039201	45.981308411214954	52.5255168803978	54.29272281275552	55.678148546824545
TIME	general	discussion	43.82022471910113	44.89208633093525	46.76258992805755	47.159090909090914	48.36795252225519
TIME	general	historical	48.54368932038836	56.70731707317073	69.00269541778977	73.6842105263158	78.43137254901961
TIME	general	newswire	67.0482420278005	67.86296900489397	68.13725490196079	68.37748344370861	68.97637795275591
TIME	general	online	32.91731669266771	32.951945080091534	33.454018826937	34.30894308943089	36.42921550946799
TIME	general	pubmed	11.60092807424594	11.822660098522169	12.000000000000002	12.23529411764706	12.646370023419204
TIME	general	sms	50.0	51.82186234817813	52.25225225225225	52.991452991452995	54.980079681274894
TIME	general	telephony	49.12891986062717	51.37931034482759	54.044750430292595	54.729729729729726	56.752655538694995
TIME	general	usenet	24.096385542168672	24.566088117489983	24.655647382920108	25.561978163134235	26.38414217361586
TIME	general	wiki	70.57324840764332	73.40355497037525	73.8233397807866	73.89533061736134	73.96298659859603
TIME	historical	ace	15.152102305754699	18.912881608339536	19.561018437225638	20.995252329875157	21.6177003989844
TIME	historical	aquaint	44.38642297650131	47.0873786407767	49.64200477326969	50.0	51.494252873563205
TIME	historical	broadcast	16.903633491311215	17.844886753603294	19.593067068575735	19.67445152158528	20.949510173323283
TIME	historical	clinical	31.218952999617883	38.94974786993566	40.5307599517491	41.206030150753776	41.703427214116054
TIME	historical	discussion	14.634146341463413	20.141342756183743	20.54054054054054	22.300884955752213	23.850085178875634
TIME	historical	general	37.20930232558139	43.589743589743584	48.148148148148145	49.37027707808564	52.84974093264248
TIME	historical	newswire	30.705394190871367	35.73604060913705	37.23608445297504	37.76223776223776	42.55725190839695
TIME	historical	online	9.297297297297298	11.458333333333332	11.615628299894402	14.747474747474747	15.177713736791548
TIME	historical	pubmed	0.6430868167202572	2.416918429003021	3.508771929824561	4.069767441860465	4.154302670623145
TIME	historical	sms	9.944751381215468	11.1731843575419	12.121212121212123	13.978494623655916	14.583333333333332
TIME	historical	telephony	12.437810945273629	22.580645161290324	24.724061810154524	26.45739910313901	26.898047722342728
TIME	historical	usenet	5.415499533146593	7.295373665480427	7.919123841617524	9.76027397260274	9.797297297297296
TIME	historical	wiki	56.80430879712747	57.81584582441113	61.04218362282878	61.46112600536193	64.57680250783699
TIME	newswire	ace	40.822145657597716	41.61123429416113	42.63096623981374	44.77715877437326	44.85960144927536
TIME	newswire	aquaint	60.68222621184919	60.88435374149659	61.06346483704974	61.16838487972509	61.56583629893239
TIME	newswire	broadcast	29.751369574378423	31.148225469728597	32.410349523377214	33.62536503963287	35.449299258037925
TIME	newswire	clinical	56.60329207604951	57.06479313036691	57.45708154506438	58.808967129693315	59.16161349854996
TIME	newswire	discussion	47.77911164465787	48.33141542002301	48.421052631578945	57.738748627881456	58.173618940248026
TIME	newswire	general	63.97058823529412	64.55223880597015	65.34296028880865	66.92160611854683	68.8212927756654
TIME	newswire	historical	65.92178770949721	73.0310262529833	77.46835443037975	83.81374722838137	87.27272727272727
TIME	newswire	online	32.55503669112743	34.0	34.89771359807461	35.52220137585991	36.86466625842009
TIME	newswire	pubmed	18.266978922716625	18.750000000000004	19.00647948164147	19.230769230769234	21.73913043478261
TIME	newswire	sms	44.357976653696504	46.84014869888477	49.402390438247004	50.19305019305019	51.91489361702127
TIME	newswire	telephony	44.984802431610944	52.11062590975254	52.980132450331126	54.14965986394557	55.757575757575765
TIME	newswire	usenet	24.100946372239747	27.94486215538847	29.30091185410334	31.59742539496782	31.976401179941
TIME	newswire	wiki	75.97832630945214	76.07325127589313	76.44072857569424	76.5050941648657	76.82737169517885
TIME	online	ace	66.43990929705215	66.68920441739915	67.57338773659754	68.08266360505168	68.29048263419035
TIME	online	aquaint	60.59602649006624	61.720067453625624	61.799660441426155	62.03389830508475	62.435677530017166
TIME	online	broadcast	62.77073968124234	63.114415530772405	63.38028169014084	64.51876019575857	64.74701768819415
TIME	online	clinical	42.772861356932154	43.09449636552441	43.60056258790437	43.93177076941956	45.21419828641371
TIME	online	discussion	72.82850779510024	73.92290249433107	74.44444444444443	75.27839643652563	76.16926503340757
TIME	online	general	64.75849731663685	65.94202898550724	68.13186813186815	68.16479400749064	69.1588785046729
TIME	online	historical	74.88584474885846	75.0	75.26881720430107	77.64705882352942	81.04575163398692
TIME	online	newswire	68.31333803810867	68.70554765291607	69.57142857142857	69.6028880866426	70.28199566160521
TIME	online	pubmed	16.293279022403258	16.766467065868262	17.558886509635975	18.003913894324853	18.143459915611814
TIME	online	sms	48.64864864864865	49.21875000000001	50.58365758754865	51.42857142857142	51.639344262295076
TIME	online	telephony	56.01092896174864	58.4573748308525	59.78835978835978	60.0265604249668	61.452513966480446
TIME	online	usenet	57.209847596717466	60.3884638022366	60.443407234539094	61.53846153846154	63.35923490735206
TIME	online	wiki	73.79227053140097	74.74623192863734	74.95418448381186	75.05396238051189	75.48327707885855
TIME	pubmed	ace	6.703453913754343	8.384279475982533	10.098757566103856	10.28101439342015	10.398109434648244
TIME	pubmed	aquaint	18.412698412698415	19.04761904761905	25.692695214105793	26.70025188916877	28.389830508474578
TIME	pubmed	broadcast	6.424344885883347	7.4120603015075375	8.157524613220815	9.895052473763121	10.86803105151729
TIME	pubmed	clinical	27.307539944539815	31.023728813559316	31.59876294204652	32.73176761433869	33.83761976802824
TIME	pubmed	discussion	1.2320328542094456	3.169014084507042	5.093378607809847	5.217391304347826	6.7164179104477615
TIME	pubmed	general	21.44772117962466	21.559633027522935	25.0	28.70370370370371	30.638297872340424
TIME	pubmed	historical	0	0	0	0	1.6806722689075633
TIME	pubmed	newswire	14.942528735632186	15.35135135135135	21.72701949860725	24.12868632707775	24.82758620689655
TIME	pubmed	online	6.444444444444443	6.619859578736207	8.588957055214724	9.369024856596559	9.798270893371757
TIME	pubmed	sms	3.9215686274509802	4.41988950276243	5.780346820809249	5.813953488372093	7.142857142857142
TIME	pubmed	telephony	5.555555555555556	7.786885245901639	8.296943231441048	8.80195599022005	9.836065573770492
TIME	pubmed	usenet	2.504816955684008	3.1948881789137378	3.8678485092667207	4.284490145672665	4.419101924447612
TIME	pubmed	wiki	8.16326530612245	13.039309683604985	19.012459621596676	21.16820377689943	24.080560420315233
TIME	sms	ace	27.25496580918268	27.65243902439024	28.99302740392411	30.031316960606564	30.78421821724306
TIME	sms	aquaint	32.38095238095238	38.25363825363826	44.54342984409799	45.933014354066984	61.016949152542374
TIME	sms	broadcast	26.082068577852723	26.203534430225467	28.423101881894873	28.42509603072983	30.86900129701686
TIME	sms	clinical	25.6137832017229	29.221204188481675	29.962160302717578	30.88033012379642	32.39993128328466
TIME	sms	discussion	32.29461756373937	32.853025936599416	33.43023255813954	33.43195266272189	33.720930232558146
TIME	sms	general	45.842696629213485	47.57281553398058	50.0	52.830188679245296	55.1219512195122
TIME	sms	historical	21.53846153846154	22.22222222222222	22.388059701492537	22.45614035087719	23.39622641509434
TIME	sms	newswire	35.976789168278536	40.3183023872679	40.66147859922179	41.604477611940304	48.199445983379505
TIME	sms	online	17.91907514450867	18.78025169409487	19.526627218934912	19.61165048543689	19.921875000000004
TIME	sms	pubmed	0	0.8368200836820083	1.023017902813299	1.4492753623188406	2.0
TIME	sms	telephony	40.42879019908116	41.30434782608695	42.69662921348315	45.69640062597809	45.97014925373134
TIME	sms	usenet	14.298480786416443	16.679657053780204	16.90862510674637	16.952209197475202	20.677966101694917
TIME	sms	wiki	11.346240432237732	12.6038104543234	13.774834437086096	16.956920256645276	18.576598311218337
TIME	telephony	ace	50.23065094823167	50.61425061425062	53.096483757148064	54.31332776518315	55.20720720720721
TIME	telephony	aquaint	32.12996389891697	36.23853211009174	43.93063583815029	48.94837476099427	49.911504424778755
TIME	telephony	broadcast	47.05361098803722	50.8833922261484	52.00553250345781	52.471482889733835	52.91365376435559
TIME	telephony	clinical	44.61519697524089	45.32417089931282	47.25530813050233	50.23625963690625	50.88507265521797
TIME	telephony	discussion	62.66968325791855	65.2962515114873	65.76879910213243	66.59038901601832	66.82867557715674
TIME	telephony	general	45.925925925925924	53.21888412017167	56.060606060606055	57.620817843866156	60.446247464503045
TIME	telephony	historical	38.51351351351352	39.52095808383233	43.82716049382716	59.94694960212201	60.103626943005175
TIME	telephony	newswire	43.20610687022901	47.89762340036564	53.232577665827044	55.20504731861199	55.40123456790123
TIME	telephony	online	53.2176428054953	56.76077265973255	65.3366583541147	69.1588785046729	70.89688834655277
TIME	telephony	pubmed	7.223476297968398	11.19221411192214	13.894736842105262	13.943355119825707	14.655172413793101
TIME	telephony	sms	36.681222707423586	41.88034188034188	44.09448818897638	44.84304932735426	54.008438818565395
TIME	telephony	usenet	30.056864337936638	34.506089309878206	36.62750518313753	37.67918088737201	40.84989718985607
TIME	telephony	wiki	31.428571428571427	41.32938466600856	49.80544747081712	50.0886839304718	50.41509433962265
TIME	usenet	ace	66.9442314013367	67.23331916702084	67.57281553398059	68.79535558780842	69.55748276628864
TIME	usenet	aquaint	33.50083752093802	36.70033670033669	39.86820428336079	40.472175379426645	46.00638977635783
TIME	usenet	broadcast	57.042801556420244	58.16861637757159	58.895705521472394	58.94988066825776	59.10569105691057
TIME	usenet	clinical	37.375178316690445	40.267511439633935	41.43354679249522	42.303539292141565	43.93706376434402
TIME	usenet	discussion	71.62891046386191	72.38493723849373	72.61410788381743	74.19712070874861	74.45887445887446
TIME	usenet	general	51.632970451010884	55.195911413969334	55.846422338568935	56.946826758147516	60.74600355239787
TIME	usenet	historical	54.69613259668509	72.60579064587974	74.01247401247402	74.4466800804829	79.22912205567452
TIME	usenet	newswire	56.45046329294369	56.72061928219564	60.10854816824966	61.64179104477613	65.4219566840926
TIME	usenet	online	76.49122807017542	76.82502896871378	77.06968433591423	77.46144721233689	77.48943874471938
TIME	usenet	pubmed	13.849287169042771	14.130434782608695	14.913957934990437	15.677966101694915	16.39344262295082
TIME	usenet	sms	47.05882352941176	50.0	54.19847328244275	56.179775280898895	56.179775280898895
TIME	usenet	telephony	56.242118537200504	60.099750623441395	60.42983565107459	60.653594771241835	66.23544631306598
TIME	usenet	wiki	65.3529411764706	67.89267410310521	69.47004608294932	71.59353348729792	72.98350824587706
TIME	wiki	ace	36.130259091989544	36.82487725040917	36.8972746331237	36.903669724770644	45.636978579481394
TIME	wiki	aquaint	45.1827242524917	48.35164835164835	49.08180300500835	50.08635578583765	51.53970826580226
TIME	wiki	broadcast	25.573192239858905	27.384324834749762	27.586206896551722	27.748226950354614	39.67545638945233
TIME	wiki	clinical	38.30382106244175	42.90191526407429	43.36138382421693	43.783354150107876	44.946808510638306
TIME	wiki	discussion	36.93045563549161	37.64172335600907	41.714947856315185	42.3121387283237	50.11337868480725
TIME	wiki	general	48.02867383512545	51.291512915129154	51.52542372881356	51.80102915951973	54.03508771929825
TIME	wiki	historical	67.5268817204301	69.37901498929337	69.97840172786177	72.65135699373695	73.77398720682304
TIME	wiki	newswire	55.48197203826343	56.61218424962853	56.99633699633699	59.1776798825257	60.299358517462565
TIME	wiki	online	30.758898589657484	31.2540192926045	36.16236162361623	37.65517241379311	58.388059701492544
TIME	wiki	pubmed	37.105751391465674	42.622950819672134	44.047619047619044	44.171779141104295	46.73684210526316
TIME	wiki	sms	43.74999999999999	48.48484848484848	48.66920152091255	49.999999999999986	51.53846153846153
TIME	wiki	telephony	41.23711340206185	42.17171717171718	43.024771838331155	43.25068870523416	46.11464968152866
TIME	wiki	usenet	29.15173237753883	29.48012232415902	29.842012873025165	30.39332538736591	33.62521891418564
